Milliseconds since Epoch,Speed,Watt,Ampere,Altitude,GPS Speed,Vehicle Body Temperature ,Battery Percentage,Battery Voltage,Battery Capacity,Battery Temperature,Remaining Mileage,Total Mileage,Latitude,Longitude
1711027803092,0.404,1.1019,0.03,224,1.530871,20,58,36.73,4545,21,17.4,829.681,46.30787,16.3382
1711027803429,0.54,0.7346,0.02,224,1.530871,20,58,36.73,4545,21,17.4,829.681,46.30787,16.3382
1711027803768,0.317,0.7346,0.02,224,1.530871,20,58,36.73,4545,21,17.4,829.681,46.30787,16.3382
1711027804107,0.153,1.1019,0.03,224,1.530871,20,58,36.73,4545,21,17.4,829.681,46.30787,16.3382
1711027804421,0.381,0.7346,0.02,224,1.530871,20,58,36.73,4545,21,17.4,829.681,46.30787,16.3382
1711027804759,0.418,0.7346,0.02,224,1.530871,20,58,36.73,4545,21,17.4,829.681,46.30787,16.3382
1711027805097,1.499,1.1019,0.03,224,1.530871,20,58,36.73,4545,21,17.4,829.681,46.30787,16.3382
1711027805456,3.187,0.7346,0.02,224,1.530871,20,58,36.73,4545,21,17.4,829.681,46.30787,16.3382
1711027805794,4.085,0.7346,0.02,224,1.530871,20,58,36.73,4545,21,17.4,829.681,46.30787,16.3382
1711027806131,5.845,1.1019,0.03,224,1.530871,20,58,36.73,4545,21,17.4,829.681,46.30787,16.3382
1711027806445,8.524,0.7346,0.02,224,1.530871,20,58,36.73,4545,21,17.4,829.681,46.30787,16.3382
1711027806806,8.475,0.735,0.02,224,1.530871,20,58,36.75,4545,21,17.4,829.681,46.30787,16.3382
1711027807122,9.053,19.7856,0.54,224,1.530871,20,58,36.64,4545,21,17.4,829.682,46.30787,16.3382
1711027807572,9.024,496.94852,14.05,224,1.530871,20,58,35.37,4545,21,17.4,829.683,46.30787,16.3382
1711027807908,13.04,507.8822,14.54,224,1.530871,20,58,34.93,4543,21,17.4,829.684,46.30787,16.3382
1711027808246,13.488,518.0708,14.87,224,1.530871,21,58,34.84,4541,21,17.4,829.685,46.30787,16.3382
1711027808585,13.037,521.30396,14.98,224,1.530871,21,58,34.8,4541,21,17.4,829.686,46.30787,16.3382
1711027808921,13.433,518.7684,14.92,224,1.530871,21,58,34.77,4539,21,17.4,829.687,46.30787,16.3382
1711027809260,14.959,518.7684,14.92,224,1.530871,21,58,34.77,4539,21,17.4,829.689,46.30787,16.3382
1711027809598,15.41,526.008,15.15,224,1.530871,21,58,34.72,4537,21,17.4,829.691,46.30787,16.3382
1711027809979,15.71,523.97,15.1,224,1.530871,21,58,34.7,4537,21,17.4,829.693,46.30787,16.3382
1711027810564,15.459,531.14435,15.32,224,1.530871,21,58,34.67,4536,21,17.4,829.694,46.30787,16.3382
1711027810901,16.482,532.26306,15.37,224,1.530871,21,58,34.63,4533,21,17.4,829.696,46.30787,16.3382
1711027811329,16.239,534.0323,15.43,224,1.530871,21,58,34.61,4532,21,17.4,829.698,46.30787,16.3382
1711027811870,17.649,528.9936,15.28,224,1.530871,21,58,34.62,4531,21,17.4,829.701,46.30787,16.3382
1711027812184,17.877,514.40405,14.85,224,1.530871,21,58,34.64,4529,21,17.4,829.702,46.30787,16.3382
1711027812523,18.198,499.24796,14.4,224,1.530871,21,58,34.67,4529,21,17.4,829.703,46.30787,16.3382
1711027813152,18.522,500.08557,14.42,224,1.530871,21,58,34.68,4529,21,17.4,829.706,46.30787,16.3382
1711027813489,18.487,489.964,14.12,224,1.530871,21,58,34.7,4526,21,17.4,829.708,46.30787,16.3382
1711027813849,19.175,479.6922,13.82,224,1.530871,21,58,34.71,4525,21,17.4,829.711,46.30787,16.3382
1711027814389,19.394,477.05276,13.74,224,1.530871,21,58,34.72,4524,21,17.1,829.712,46.30787,16.3382
1711027814796,20.351,468.99,13.5,224,1.530871,22,57,34.74,4522,21,17.1,829.715,46.30787,16.3382
1711027815132,20.952,465.59518,13.41,224,1.530871,22,57,34.72,4521,21,17.1,829.719,46.30787,16.3382
1711027815446,20.842,467.1966,13.46,224,1.530871,22,57,34.71,4521,21,17.1,829.72,46.30787,16.3382
1711027815828,21.226,469.53,13.5,224,1.530871,22,57,34.78,4520,21,17.1,829.721,46.30787,16.3382
1711027816212,19.695,119.49449,3.35,224,1.7038724,22,57,35.67,4519,21,17.1,829.725,46.3079,16.338146
1711027816526,18.958,-89.0595,-2.43,224,1.7038724,22,57,36.65,4519,21,17.1,829.726,46.3079,16.338146
1711027816887,18.192,-83.6304,-2.28,224,1.7038724,22,57,36.68,4519,21,17.1,829.727,46.3079,16.338146
1711027817200,17.811,-81.107,-2.21,224,6.417637,22,57,36.7,4519,21,17.1,829.729,46.30788,16.33807
1711027817539,16.282,-35.135998,-0.96,224,6.417637,22,57,36.6,4520,21,17.1,829.731,46.30788,16.33807
1711027817854,15.803,-2.9216,-0.08,224,6.417637,22,57,36.52,4520,21,17.1,829.732,46.30788,16.33807
1711027818236,16.846,521.9528,14.93,224,6.417637,22,57,34.96,4520,21,17.1,829.734,46.30788,16.33807
1711027818598,16.947,510.1952,14.72,224,6.417637,22,57,34.66,4519,21,17.1,829.735,46.30788,16.33807
1711027819003,17.857,519.2414,15.02,224,6.417637,22,57,34.57,4518,21,17.1,829.738,46.30788,16.33807
1711027819338,17.993,503.2845,14.55,224,7.3810678,22,57,34.59,4516,21,17.1,829.74,46.307858,16.338001
1711027819652,18.36,493.1925,14.25,224,7.3810678,22,57,34.61,4515,21,17.1,829.741,46.307858,16.338001
1711027819991,18.533,487.11353,14.05,224,7.3810678,22,57,34.67,4514,21,17.1,829.742,46.307858,16.338001
1711027820508,18.244,348.7296,9.84,224,7.3810678,22,57,35.44,4514,21,17.1,829.744,46.307858,16.338001
1711027820868,16.528,-70.271996,-1.92,224,7.3810678,22,57,36.6,4514,21,17.1,829.747,46.307858,16.338001
1711027821500,15.375,-64.0675,-1.75,224,11.055577,22,57,36.61,4514,21,17.1,829.75,46.30788,16.33768
1711027821837,15.051,-59.6906,-1.63,224,11.055577,22,57,36.62,4514,21,17.1,829.751,46.30788,16.33768
1711027822174,14.641,-30.295,-0.83,224,11.055577,22,57,36.5,4514,21,17.1,829.753,46.30788,16.33768
1711027822511,15.173,502.537,14.42,224,11.055577,22,57,34.85,4514,21,17.1,829.754,46.30788,16.33768
1711027822871,15.257,531.60956,15.36,224,10.909794,22,57,34.61,4514,21,17.1,829.755,46.30787,16.33756
1711027823232,14.988,526.2775,15.25,224,10.909794,22,57,34.51,4513,21,17.1,829.757,46.30787,16.33756
1711027823546,15.456,526.31744,15.26,224,10.909794,22,57,34.49,4512,21,17.1,829.758,46.30787,16.33756
1711027823998,15.421,527.88885,15.31,224,10.909794,22,57,34.48,4511,21,17.1,829.759,46.30787,16.33756
1711027824333,16.216,527.4295,15.31,224,13.850835,23,57,34.45,4509,21,17.1,829.762,46.30781,16.337496
1711027824673,16.984,525.8988,15.27,224,13.850835,23,57,34.44,4508,21,17.1,829.763,46.30781,16.337496
1711027825031,17.184,522.45483,15.17,224,13.850835,23,57,34.44,4507,21,17.1,829.765,46.30781,16.337496
1711027825347,17.588,522.45483,15.17,224,13.850835,23,57,34.44,4506,21,17.1,829.767,46.30781,16.337496
1711027825661,17.765,512.9136,14.88,224,13.850835,23,57,34.47,4505,21,17.1,829.768,46.30781,16.337496
1711027825978,18.562,486.73203,14.1,224,13.850835,23,57,34.52,4505,21,17.1,829.77,46.30781,16.337496
1711027826315,18.949,487.155,14.1,224,13.850835,23,57,34.55,4504,21,17.1,829.772,46.30781,16.337496
1711027826676,19.293,474.85437,13.74,224,13.850835,23,57,34.56,4502,21,17.1,829.773,46.30781,16.337496
1711027827147,19.562,474.85437,13.74,224,13.850835,23,57,34.56,4502,21,17.1,829.777,46.30781,16.337496
1711027827484,19.605,472.78082,13.68,224,11.285332,23,57,34.56,4500,21,17.1,829.778,46.30776,16.337477
1711027827823,20.565,468.9792,13.57,224,11.285332,23,57,34.56,4499,21,17.1,829.78,46.30776,16.337477
1711027828227,20.565,468.9792,13.57,224,11.285332,23,57,34.56,4499,21,17.1,829.78,46.30776,16.337477
1711027828541,20.885,465.6579,13.47,224,11.285332,23,57,34.57,4497,21,17.1,829.783,46.30776,16.337477
1711027828970,21.111,465.6579,13.47,224,11.285332,23,57,34.57,4497,21,17.1,829.785,46.30776,16.337477
1711027829487,21.573,464.352,13.44,224,11.285332,23,57,34.55,4496,21,17.1,829.788,46.30776,16.337477
1711027829846,21.963,463.87222,13.43,224,11.285332,23,57,34.54,4493,21,17.1,829.792,46.30776,16.337477
1711027830163,22.48,462.83597,13.4,224,11.285332,23,57,34.54,4493,21,17.1,829.793,46.30776,16.337477
1711027830612,22.359,456.40552,13.21,224,10.967278,23,57,34.55,4490,21,17.1,829.795,46.307693,16.337412
1711027830949,23.029,457.7875,13.25,224,10.967278,23,57,34.55,4490,21,17.1,829.799,46.307693,16.337412
1711027831513,23.139,457.7875,13.25,224,12.687453,23,57,34.55,4490,21,17.1,829.8,46.30759,16.33745
1711027831848,23.249,432.18237,12.48,224,12.687453,23,57,34.63,4487,21,17.1,829.804,46.30759,16.33745
1711027832233,23.402,432.18237,12.48,224,12.687453,23,57,34.63,4487,21,17.1,829.805,46.30759,16.33745
1711027832863,23.807,385.7102,11.09,224,12.687453,23,57,34.78,4486,21,17.1,829.812,46.30759,16.33745
1711027833223,23.989,345.807,9.9,224,11.537401,24,57,34.93,4485,21,17.1,829.813,46.307518,16.337463
1711027833582,24.081,333.5184,9.54,224,11.537401,24,57,34.96,4484,21,17.1,829.816,46.307518,16.337463
1711027833897,24.044,324.54272,9.27,224,11.537401,24,57,35.01,4483,21,17.1,829.818,46.307518,16.337463
1711027834234,24.023,334.8543,9.57,224,11.537401,24,57,34.99,4482,21,17.1,829.82,46.307518,16.337463
1711027834662,24.073,334.8543,9.57,224,11.231055,24,57,34.99,4482,21,17.1,829.821,46.307472,16.337475
1711027835022,23.616,334.8543,9.57,224,11.231055,24,57,34.99,4482,21,17.1,829.825,46.307472,16.337475
1711027835337,24.029,356.5332,10.21,224,11.231055,24,57,34.92,4480,21,17.1,829.828,46.307472,16.337475
1711027835674,24.029,341.7132,9.78,224,11.231055,24,57,34.94,4481,21,17.1,829.828,46.307472,16.337475
1711027835990,23.238,383.24,11,222.79999,11.558771,24,57,34.84,4479,21,17.1,829.832,46.307404,16.337452
1711027836348,22.044,-3.938,-0.11,222.79999,11.558771,24,57,35.8,4478,21,17.1,829.834,46.307404,16.337452
1711027836686,21.223,-119.687195,-3.28,222.79999,13.104764,24,57,36.49,4478,21,17.1,829.836,46.30731,16.337408
1711027837047,20.307,-109.41,-3,222.79999,13.104764,24,57,36.47,4478,21,17.1,829.838,46.30731,16.337408
1711027837362,20.987,20.0088,0.56,222.79999,13.104764,24,57,35.73,4478,21,17.1,829.839,46.30731,16.337408
1711027837677,21.475,470.3796,13.54,222.79999,14.270626,24,57,34.74,4478,21,17.1,829.841,46.30725,16.33738
1711027837993,20.992,465.86877,13.48,222.79999,14.270626,24,57,34.56,4478,21,17.1,829.843,46.30725,16.33738
1711027838441,20.4,342.16052,9.79,222.79999,14.270626,24,57,34.95,4478,21,17.1,829.844,46.30725,16.33738
1711027838757,19.342,-96.7442,-2.66,222.79999,14.270626,24,57,36.37,4477,21,17.1,829.848,46.30725,16.33738
1711027839117,19.351,-5.7824,-0.16,222.79999,14.270626,24,57,36.14,4477,21,17.1,829.85,46.30725,16.33738
1711027839477,19.628,314.91968,8.99,222.79999,14.217013,24,57,35.03,4477,21,17.1,829.851,46.307175,16.337368
1711027839837,19.628,476.2284,13.74,222.79999,14.217013,24,57,34.66,4476,21,17.1,829.854,46.307175,16.337368
1711027840173,19.753,471.40662,13.66,222.79999,14.217013,24,57,34.51,4475,21,17.1,829.855,46.307175,16.337368
1711027840534,19.943,469.89,13.62,222.79999,14.217013,24,57,34.5,4474,21,17.1,829.858,46.307175,16.337368
1711027841480,20.059,469.2,13.6,222.79999,15.349145,24,57,34.5,4474,21,17.1,829.863,46.30704,16.337324
1711027841794,21.278,464.1762,13.47,222.79999,15.349145,24,57,34.46,4471,21,17.1,829.865,46.30704,16.337324
1711027842358,21.856,461.0748,13.38,222.79999,15.349145,24,57,34.46,4470,21,17.1,829.867,46.30704,16.337324
1711027842672,22.183,463.1424,13.44,222.79999,15.349145,24,57,34.46,4469,21,17.1,829.871,46.30704,16.337324
1711027842986,22.215,461.8404,13.41,222.79999,15.349145,24,57,34.44,4467,21,17.1,829.872,46.30704,16.337324
1711027843326,22.524,454.74,13.2,222.79999,15.349145,24,57,34.45,4467,21,17.1,829.874,46.30704,16.337324
1711027843640,21.952,375.8228,10.84,222.79999,15.349145,24,57,34.67,4466,21,17.1,829.877,46.30704,16.337324
1711027844001,21.504,115.007996,3.2,222.79999,15.349145,24,57,35.94,4466,21,17.1,829.878,46.30704,16.337324
1711027844314,21.281,-105.19601,-2.89,222.79999,15.349145,24,57,36.4,4466,21,17.1,829.88,46.30704,16.337324
1711027844629,21.512,103.6308,2.92,222.79999,15.349145,24,57,35.49,4466,21,17.1,829.882,46.30704,16.337324
1711027844968,21.287,424.44122,12.26,222.79999,15.349145,24,57,34.62,4466,21,17.1,829.884,46.30704,16.337324
1711027845281,21.307,465.48,13.5,222.79999,15.349145,24,57,34.48,4464,21,17.1,829.885,46.30704,16.337324
1711027845641,21.816,464.04153,13.47,222.79999,15.349145,24,57,34.45,4463,21,17.1,829.888,46.30704,16.337324
1711027845980,21.931,462.8736,13.44,222.79999,15.349145,24,57,34.44,4462,21,17.1,829.89,46.30704,16.337324
1711027846319,21.995,465.49362,13.52,222.79999,19.208212,24,57,34.43,4462,21,17.1,829.892,46.306805,16.337154
1711027846632,22.449,459.77402,13.35,222.79999,19.208212,24,57,34.44,4461,21,17.1,829.895,46.306805,16.337154
1711027846969,22.943,456.595,13.25,222.79999,19.208212,24,57,34.46,4460,21,17.1,829.896,46.306805,16.337154
1711027847285,23.151,438.27698,12.7,222.79999,19.208212,24,57,34.51,4459,21,17.1,829.899,46.306805,16.337154
1711027847600,23.379,421.1645,12.19,222.79999,19.208212,24,57,34.55,4458,21,17.1,829.9,46.306805,16.337154
1711027847982,23.194,384.7121,11.09,222.79999,19.208212,24,57,34.69,4458,21,17.1,829.903,46.306805,16.337154
1711027848299,23.165,395.35648,11.41,222.79999,19.208212,24,57,34.65,4458,21,17.1,829.904,46.306805,16.337154
1711027848658,23.37,397.089,11.46,222.79999,19.208212,24,57,34.65,4457,21,17.1,829.908,46.306805,16.337154
1711027849289,23.414,382.5204,11.03,222.79999,19.208212,24,57,34.68,4456,21,17.1,829.909,46.306805,16.337154
1711027849760,23.763,382.5204,11.03,222.79999,19.208212,24,57,34.68,4456,21,17.1,829.913,46.306805,16.337154
1711027850548,23.631,382.5204,11.03,222.79999,19.208212,24,57,34.68,4456,21,17.1,829.916,46.306805,16.337154
1711027850864,23.723,382.5204,11.03,222.79999,19.208212,24,57,34.68,4456,21,17.1,829.922,46.306805,16.337154
1711027851447,23.983,349.6395,10.05,222.79999,20.286762,24,57,34.79,4452,21,17.1,829.924,46.30658,16.336962
1711027851988,24.012,327.42932,9.39,222.79999,20.286762,24,57,34.87,4450,21,17.1,829.927,46.30658,16.336962
1711027852347,23.974,320.63907,9.19,222.79999,20.286762,24,57,34.89,4450,21,17.1,829.932,46.30658,16.336962
1711027852866,24.081,320.63907,9.19,222.79999,20.286762,24,57,34.89,4450,21,17.1,829.933,46.30658,16.336962
1711027853452,23.893,335.50922,9.63,222.79999,20.286762,24,57,34.84,4448,21,17.1,829.937,46.30658,16.336962
1711027853811,23.96,335.50922,9.63,222.79999,20.286762,24,57,34.84,4448,21,17.1,829.94,46.30658,16.336962
1711027854418,24.165,330.02948,9.47,222.79999,20.286762,24,57,34.85,4446,21,17.1,829.944,46.30658,16.336962
1711027854732,23.966,325.3612,9.32,222.79999,20.286762,24,56,34.91,4437,21,16.8,829.948,46.30658,16.336962
1711027855070,24.203,317.7568,9.11,222.79999,20.286762,24,56,34.88,4436,21,16.8,829.95,46.30658,16.336962
1711027855430,24.278,298.2088,8.53,222.79999,20.286762,24,56,34.96,4435,21,16.8,829.952,46.30658,16.336962
1711027855745,24.032,288.3176,8.24,222.79999,20.286762,24,56,34.99,4435,21,16.8,829.955,46.30658,16.336962
1711027856060,24.275,316.3752,9.06,222.7,21.937943,24,56,34.92,4434,21,16.8,829.956,46.306313,16.33677
1711027856374,24.324,296.8104,8.49,222.7,21.937943,24,56,34.96,4434,21,16.8,829.958,46.306313,16.33677
1711027856713,24.237,307.56,8.8,222.7,21.937943,24,56,34.95,4433,21,16.8,829.96,46.306313,16.33677
1711027857027,24.521,295.581,8.45,222.7,21.937943,24,56,34.98,4434,21,16.8,829.962,46.306313,16.33677
1711027857433,24.359,292.4328,8.36,222.7,21.937943,24,56,34.98,4433,21,16.8,829.964,46.306313,16.33677
1711027857748,24.234,303.71698,8.7,222.7,21.937943,24,56,34.91,4432,21,16.8,829.968,46.306313,16.33677
1711027858084,24.102,321.75778,9.23,222.7,21.937943,24,56,34.86,4431,21,16.8,829.97,46.306313,16.33677
1711027858401,24.206,322.64,9.25,222.7,21.937943,24,56,34.88,4430,21,16.8,829.972,46.306313,16.33677
1711027858739,23.492,330.47278,9.48,222.7,21.937943,24,56,34.86,4430,21,16.8,829.973,46.306313,16.33677
1711027859075,24.047,343.92282,9.88,222.7,21.937943,24,56,34.81,4429,21,16.8,829.977,46.306313,16.33677
1711027859389,23.685,327.84442,9.41,222.7,21.937943,24,56,34.84,4429,21,16.8,829.979,46.306313,16.33677
1711027859864,24.373,327.84442,9.41,222.7,21.937943,24,56,34.84,4429,21,16.8,829.98,46.306313,16.33677
1711027860177,23.885,306.33612,8.77,222.7,21.937943,24,56,34.93,4428,21,16.8,829.985,46.306313,16.33677
1711027860494,23.61,290.085,8.3,222.7,21.937943,24,56,34.95,4427,21,16.8,829.987,46.306313,16.33677
1711027860807,23.922,339.1468,9.74,222.7,21.937943,24,56,34.82,4426,21,16.8,829.988,46.306313,16.33677
1711027861325,23.974,339.1468,9.74,222.7,21.474833,24,56,34.82,4426,21,16.8,829.99,46.30606,16.336697
1711027861640,23.711,329.99878,9.48,222.7,21.474833,24,56,34.81,4425,21,16.8,829.994,46.30606,16.336697
1711027861977,23.671,338.40936,9.73,222.7,21.474833,24,56,34.78,4424,21,16.8,829.996,46.30606,16.336697
1711027862294,23.079,347.7,10,222.7,21.474833,24,56,34.77,4424,21,16.8,829.997,46.30606,16.336697
1711027862922,23.368,383.5755,11.07,222.7,21.474833,24,56,34.65,4423,21,16.8,830,46.30606,16.336697
1711027863440,23.486,364.59192,10.51,222.7,21.474833,24,56,34.69,4422,21,16.8,830.003,46.30606,16.336697
1711027863757,23.073,351.2214,10.11,222.7,21.474833,24,56,34.74,4421,21,16.8,830.008,46.30606,16.336697
1711027864677,22.509,355.04282,10.22,222.7,21.474833,24,56,34.74,4420,21,16.8,830.01,46.30606,16.336697
1711027865015,20.802,-109.5339,-3.01,222.7,21.474833,24,56,36.39,4404,21,16.8,830.015,46.30606,16.336697
1711027865376,20.608,-109.5941,-3.01,222.7,21.474833,24,56,36.41,4404,21,16.8,830.018,46.30606,16.336697
1711027865960,19.507,-110.322296,-3.03,222.7,21.474833,24,56,36.41,4404,21,16.8,830.019,46.30606,16.336697
1711027866321,18.036,-92.430595,-2.54,222.7,20.266556,24,56,36.39,4405,21,16.8,830.022,46.305813,16.336788
1711027866680,17.583,-79.134,-2.18,222.7,20.266556,24,56,36.3,4405,21,16.8,830.024,46.305813,16.336788
1711027866996,18.606,24.84,0.69,222.7,20.266556,24,56,36,4405,21,16.8,830.026,46.305813,16.336788
1711027867332,18.606,361.743,10.38,222.7,20.266556,24,56,34.85,4406,21,16.8,830.026,46.305813,16.336788
1711027867648,19.279,380.53122,10.96,222.7,20.266556,24,56,34.72,4405,21,16.8,830.029,46.305813,16.336788
1711027867985,18.973,470.7948,13.67,222.7,20.266556,24,56,34.44,4404,21,16.8,830.03,46.305813,16.336788
1711027868345,18.129,390.29532,11.29,222.7,20.266556,24,56,34.57,4403,21,16.8,830.032,46.305813,16.336788
1711027868682,17.123,-66.2216,-1.84,222.7,20.266556,24,56,35.99,4402,21,16.8,830.034,46.305813,16.336788
1711027869020,17.354,-66.608,-1.84,222.7,20.266556,24,56,36.2,4402,21,16.8,830.035,46.305813,16.336788
1711027869426,16.496,-66.608,-1.84,222.7,20.266556,24,56,36.2,4402,21,16.8,830.036,46.305813,16.336788
1711027869740,15.745,67.0208,1.87,222.7,20.266556,24,56,35.84,4403,22,16.8,830.039,46.305813,16.336788
1711027870325,15.73,49.6386,1.38,222.7,20.266556,24,56,35.97,4403,22,16.8,830.04,46.305813,16.336788
1711027870685,13.251,-40.9512,-1.13,222.7,20.266556,24,56,36.24,4403,22,16.8,830.043,46.305813,16.336788
1711027871046,13.575,-40.9625,-1.13,222.7,17.613342,24,56,36.25,4403,22,16.8,830.044,46.305664,16.33679
1711027871475,12.844,-40.9625,-1.13,222.7,17.613342,24,56,36.25,4403,22,16.8,830.045,46.305664,16.33679
1711027871789,9.622,-135.8916,-3.72,222.7,17.613342,24,56,36.53,4403,22,16.8,830.047,46.305664,16.33679
1711027872464,9.622,-135.8916,-3.72,222.7,17.613342,24,56,36.53,4403,22,16.8,830.047,46.305664,16.33679
1711027872800,11.171,79.0764,2.22,222.7,17.613342,24,56,35.62,4404,22,16.8,830.05,46.305664,16.33679
1711027873430,11.2,504.992,14.68,222.7,17.613342,24,56,34.4,4403,22,16.8,830.05,46.305664,16.33679
1711027873767,11.919,514.3927,15.01,222.7,17.613342,24,56,34.27,4401,22,16.8,830.052,46.305664,16.33679
1711027874331,11.957,514.5852,15.02,222.7,17.613342,24,56,34.26,4401,22,16.8,830.053,46.305664,16.33679
1711027874645,13.656,514.5852,15.02,222.7,17.613342,25,56,34.26,4401,22,16.8,830.056,46.305664,16.33679
1711027874960,14.078,512.46576,14.98,222.7,17.613342,25,56,34.21,4398,22,16.8,830.057,46.305664,16.33679
1711027875275,14.309,514.5184,15.04,222.7,17.613342,25,56,34.21,4398,22,16.8,830.058,46.305664,16.33679
1711027875749,14.393,514.5184,15.04,222.7,17.613342,25,56,34.21,4398,22,16.8,830.059,46.305664,16.33679
1711027876222,14.687,514.5184,15.04,222,13.287235,25,56,34.21,4398,22,16.8,830.061,46.305557,16.336819
1711027876536,13.063,-42.503597,-1.18,222,13.287235,25,56,36.02,4394,22,16.8,830.063,46.305557,16.336819
1711027876850,12.693,-38.329597,-1.06,222,13.287235,25,56,36.16,4394,22,16.8,830.064,46.305557,16.336819
1711027877300,12.136,-38.329597,-1.06,222,13.287235,25,56,36.16,4394,22,16.8,830.065,46.305557,16.336819
1711027877614,11.529,-35.4564,-0.98,222,13.287235,25,56,36.18,4395,22,16.8,830.066,46.305557,16.336819
1711027877952,9.772,-27.4968,-0.76,222,13.287235,25,56,36.18,4395,22,16.8,830.068,46.305557,16.336819
1711027878291,9.807,-27.858599,-0.77,222,13.287235,25,56,36.18,4395,22,16.8,830.068,46.305557,16.336819
1711027878764,11.113,-15.9104,-0.44,222,13.287235,25,56,36.16,4395,22,16.8,830.07,46.305557,16.336819
1711027879121,10.965,515.9112,14.98,222,13.287235,25,56,34.44,4394,22,16.8,830.071,46.305557,16.336819
1711027879461,11.332,511.94974,14.93,222,13.287235,25,56,34.29,4394,22,16.8,830.072,46.305557,16.336819
1711027879797,11.801,510.6675,14.91,222,13.287235,25,56,34.25,4394,22,16.8,830.073,46.305557,16.336819
1711027880112,12.456,513.065,14.98,222,13.287235,25,56,34.25,4393,22,16.8,830.074,46.305557,16.336819
1711027880450,13.014,511.589,14.95,222,13.287235,25,56,34.22,4391,22,16.8,830.075,46.305557,16.336819
1711027880788,13.609,511.09738,14.94,222,13.287235,25,56,34.21,4390,22,16.8,830.076,46.305557,16.336819
1711027881147,14.242,511.1405,14.95,222,10.350862,25,56,34.19,4389,22,16.8,830.078,46.30544,16.336851
1711027881464,15.017,510.64917,14.94,222,10.350862,25,56,34.18,4388,22,16.8,830.079,46.30544,16.336851
1711027881800,16.025,513.9168,15.04,222,10.350862,25,56,34.17,4387,22,16.8,830.081,46.30544,16.336851
1711027882115,16.482,513.2745,15.03,222,10.350862,25,56,34.15,4386,22,16.8,830.082,46.30544,16.336851
1711027882432,16.525,513.2745,15.03,222,10.350862,25,56,34.15,4386,22,16.8,830.083,46.30544,16.336851
1711027882746,17.028,508.98398,14.9,222,10.350862,25,56,34.16,4384,22,16.8,830.085,46.30544,16.336851
1711027883083,17.305,503.5184,14.74,222,10.350862,25,56,34.16,4383,22,16.8,830.087,46.30544,16.336851
1711027883443,17.406,490.483,14.35,222,10.350862,25,56,34.18,4382,22,16.8,830.088,46.30544,16.336851
1711027883802,18.851,471.28,13.76,222,10.350862,25,56,34.25,4381,22,16.8,830.09,46.30544,16.336851
1711027884321,19.14,471.28,13.76,222,10.350862,25,56,34.25,4381,22,16.8,830.092,46.30544,16.336851
1711027884793,19.452,465.59338,13.59,222,10.350862,26,56,34.26,4378,22,16.8,830.094,46.30544,16.336851
1711027885108,19.805,461.6169,13.47,222,10.350862,26,56,34.27,4378,22,16.8,830.098,46.30544,16.336851
1711027885783,19.883,456.45602,13.3,222,10.350862,26,56,34.32,4378,22,16.8,830.099,46.30544,16.336851
1711027886142,18.302,-38.9556,-1.08,221.2,11.477328,26,56,36.07,4376,22,16.8,830.103,46.305344,16.336641
1711027886503,17.765,-78.57571,-2.17,221.2,11.477328,26,56,36.21,4376,22,16.8,830.104,46.305344,16.336641
1711027886819,17.987,-67.3761,-1.87,221.2,11.477328,26,56,36.03,4376,22,16.8,830.107,46.305344,16.336641
1711027887426,18.259,123.8328,3.51,221.2,11.477328,26,56,35.28,4376,22,16.8,830.108,46.305344,16.336641
1711027887942,18.554,473.34,13.8,221.2,11.477328,26,56,34.3,4375,22,16.8,830.11,46.305344,16.336641
1711027888348,19.019,473.34,13.8,221.2,11.477328,26,56,34.3,4375,22,16.8,830.113,46.305344,16.336641
1711027888709,19.718,473.34,13.8,221.2,11.477328,26,56,34.3,4375,22,16.8,830.115,46.305344,16.336641
1711027889113,19.995,473.34,13.8,221.2,11.477328,26,56,34.3,4375,22,16.8,830.117,46.305344,16.336641
1711027889653,18.213,-105.7144,-2.93,221.2,11.477328,26,56,36.08,4371,22,16.8,830.119,46.305344,16.336641
1711027889991,12.633,-232.5642,-6.33,221.2,11.477328,26,56,36.74,4371,22,16.8,830.123,46.305344,16.336641
1711027890307,10.09,-172.56319,-4.72,221.2,11.477328,26,56,36.56,4372,22,16.8,830.124,46.305344,16.336641
1711027890915,8.342,-122.23679,-3.36,221.29999,11.410233,26,56,36.38,4373,22,16.8,830.124,46.305317,16.336515
1711027891409,5.472,42.385597,1.18,221.29999,14.525574,26,56,35.92,4373,22,16.8,830.125,46.30531,16.336334
1711027891769,4.452,-15.8664,-0.44,221.29999,14.525574,26,56,36.06,4373,22,16.8,830.126,46.30531,16.336334
1711027892128,3.892,1.0814999,0.03,221.29999,14.525574,26,56,36.05,4373,22,16.8,830.126,46.30531,16.336334
1711027892466,4.62,0.72099996,0.02,221.29999,14.525574,26,56,36.05,4373,22,16.8,830.126,46.30531,16.336334
1711027892848,3.941,0.7211999,0.02,221.29999,14.525574,26,56,36.06,4374,22,16.8,830.126,46.30531,16.336334
1711027893186,3.895,1.0818,0.03,221.29999,14.525574,26,56,36.06,4374,22,16.8,830.126,46.30531,16.336334
1711027893818,4.461,0.7211999,0.02,221.29999,14.525574,26,56,36.06,4374,22,16.8,830.126,46.30531,16.336334
1711027894175,1.054,0.7214,0.02,221.29999,14.525574,26,56,36.07,4374,22,16.8,830.126,46.30531,16.336334
1711027894557,0.303,1.0824,0.03,221.29999,14.525574,26,56,36.08,4374,22,16.8,830.126,46.30531,16.336334
1711027894918,0.303,0.7218,0.02,221.29999,14.525574,26,56,36.09,4374,22,16.8,830.126,46.30531,16.336334
1711027895301,-0.183,0.7218,0.02,221.29999,14.525574,26,56,36.09,4374,22,16.8,830.126,46.30531,16.336334
1711027895615,3.161,1.0827,0.03,221.29999,14.525574,26,55,36.09,4361,22,16.5,830.126,46.30531,16.336334
1711027895952,5.276,1.083,0.03,221.29999,14.525574,26,55,36.1,4361,22,16.5,830.126,46.30531,16.336334
1711027896271,6.865,0.72220004,0.02,221.29999,0.012177314,26,55,36.11,4361,22,16.5,830.126,46.305305,16.336222
1711027896583,4.374,0.72220004,0.02,221.29999,0.012177314,26,55,36.11,4350,22,16.5,830.126,46.305305,16.336222
1711027896942,5.036,0.72239995,0.02,221.29999,0.012177314,26,55,36.12,4350,22,16.5,830.126,46.305305,16.336222
1711027897258,5.9,1.0836,0.03,221.29999,0.012177314,26,55,36.12,4350,22,16.5,830.126,46.305305,16.336222
1711027897595,5.484,0.72239995,0.02,221.29999,0.012177314,26,55,36.12,4338,22,16.5,830.126,46.305305,16.336222
1711027897955,6.385,1.0836,0.03,221.29999,0.012177314,26,55,36.12,4337,22,16.5,830.126,46.305305,16.336222
1711027898270,6.778,0.72260004,0.02,221.29999,0.012177314,26,55,36.13,4337,22,16.5,830.126,46.305305,16.336222
1711027898923,6.53,0.72260004,0.02,221.29999,0.012177314,26,55,36.13,4318,22,16.5,830.126,46.305305,16.336222
1711027899283,7.151,0.7228,0.02,221.29999,0.012177314,26,55,36.14,4317,22,16.5,830.126,46.305305,16.336222
1711027899600,7.16,1.0842,0.03,221.29999,0.012177314,26,55,36.14,4292,22,16.5,830.126,46.305305,16.336222
1711027899914,7.692,0.72299993,0.02,221.29999,0.012177314,26,55,36.15,4291,22,16.5,830.126,46.305305,16.336222
1711027900588,7.14,0.72299993,0.02,221.29999,0.012177314,26,55,36.15,4291,22,16.5,830.126,46.305305,16.336222
1711027900948,5.259,0.7232,0.02,221.29999,0.012177314,26,54,36.16,4268,22,16.2,830.126,46.305305,16.336222
1711027901264,4.53,0.7232,0.02,221.29999,0.012177314,26,54,36.16,4268,22,16.2,830.126,46.305305,16.336222
1711027901803,4.51,1.0850999,0.03,221.29999,0.012177314,26,54,36.17,4260,22,16.2,830.126,46.305305,16.336222
1711027902163,6.833,1.0850999,0.03,221.29999,0.012177314,26,54,36.17,4259,22,16.2,830.126,46.305305,16.336222
1711027902501,6.885,0.72339994,0.02,221.29999,0.012177314,26,54,36.17,4271,22,16.2,830.126,46.305305,16.336222
1711027903109,7.065,-4.3284,-0.12,221.29999,0.012177314,26,54,36.07,4271,22,16.2,830.127,46.305305,16.336222
1711027903785,8.72,-4.3284,-0.12,221.29999,0.012177314,25,54,36.07,4271,22,16.2,830.128,46.305305,16.336222
1711027904121,11.757,511.1737,14.89,221.29999,0.012177314,26,54,34.33,4265,22,16.2,830.13,46.305305,16.336222
1711027904458,12.335,515.872,15.04,221.29999,0.012177314,26,54,34.3,4264,22,16.2,830.131,46.305305,16.336222
1711027904819,12.384,513.5144,14.98,221.29999,0.012177314,26,54,34.28,4262,22,16.2,830.133,46.305305,16.336222
1711027905133,13.387,520.48267,15.17,221.29999,0.012177314,26,54,34.31,4261,22,16.2,830.134,46.305305,16.336222
1711027905448,13.667,518.545,15.14,221.29999,0.012177314,26,54,34.25,4258,22,16.2,830.135,46.305305,16.336222
1711027905810,13.323,519.9537,15.19,221.29999,0.012177314,26,54,34.23,4258,22,16.2,830.136,46.305305,16.336222
1711027906215,13.656,519.9537,15.19,220.79999,3.7449603,26,54,34.23,4258,22,16.2,830.137,46.305264,16.336115
1711027906641,14.439,519.9537,15.19,220.79999,3.7449603,26,54,34.23,4258,22,16.2,830.139,46.305264,16.336115
1711027907001,15.696,518.51056,15.17,220.79999,3.7449603,26,54,34.18,4251,22,16.2,830.141,46.305264,16.336115
1711027907541,15.886,518.51056,15.17,220.79999,3.7449603,26,54,34.18,4251,22,16.2,830.142,46.305264,16.336115
1711027907902,17.088,517.18243,15.14,220.79999,3.7449603,26,54,34.16,4247,22,16.2,830.146,46.305264,16.336115
1711027908488,17.447,507.186,14.83,220.79999,3.7449603,26,54,34.2,4245,22,16.2,830.147,46.305264,16.336115
1711027908914,17.765,485.18082,14.17,220.79999,3.7449603,26,54,34.24,4243,22,16.2,830.149,46.305264,16.336115
1711027909432,18.109,490.5159,14.33,220.79999,3.7449603,26,54,34.23,4242,22,16.2,830.153,46.305264,16.336115
1711027909769,18.172,480.32523,14.02,220.79999,3.7449603,26,54,34.26,4238,22,16.2,830.154,46.305264,16.336115
1711027910105,18.603,474.63953,13.85,220.79999,3.7449603,26,54,34.27,4237,22,16.2,830.156,46.305264,16.336115
1711027910647,18.97,474.63953,13.85,220.79999,3.7449603,26,54,34.27,4237,22,16.2,830.157,46.305264,16.336115
1711027911253,19.574,474.63953,13.85,220.7,8.875887,26,54,34.27,4237,22,16.2,830.161,46.305195,16.335882
1711027911592,19.935,460.85757,13.44,220.7,8.875887,26,54,34.29,4231,22,16.2,830.165,46.305195,16.335882
1711027911996,19.935,456.87598,13.32,220.7,8.875887,26,54,34.3,4230,22,16.2,830.165,46.305195,16.335882
1711027912310,20.611,458.11438,13.36,220.7,8.875887,27,54,34.29,4227,22,16.2,830.169,46.305195,16.335882
1711027912897,20.4,455.504,13.28,220.7,8.875887,27,54,34.3,4228,22,16.2,830.17,46.305195,16.335882
1711027913255,20.461,457.2952,13.34,220.7,8.875887,27,54,34.28,4226,22,16.2,830.174,46.305195,16.335882
1711027913593,20.637,450.70203,13.14,220.7,8.875887,27,54,34.3,4225,22,16.2,830.175,46.305195,16.335882
1711027913953,21.186,455.3154,13.29,220.7,8.875887,27,54,34.26,4222,22,16.2,830.177,46.305195,16.335882
1711027914270,21.489,455.44827,13.29,220.7,8.875887,27,54,34.27,4222,22,16.2,830.179,46.305195,16.335882
1711027914584,21.041,459.2925,13.41,220.7,8.875887,27,54,34.25,4220,22,16.2,830.181,46.305195,16.335882
1711027914921,21.215,457.50452,13.35,220.7,8.875887,27,54,34.27,4218,22,16.2,830.183,46.305195,16.335882
1711027915236,21.443,456.21,13.32,220.7,8.875887,27,54,34.25,4218,22,16.2,830.184,46.305195,16.335882
1711027915551,21.541,458.4736,13.39,220.7,8.875887,27,54,34.24,4217,22,16.2,830.187,46.305195,16.335882
1711027915911,21.749,457.8636,13.38,220.59999,8.530605,27,54,34.22,4214,22,16.2,830.189,46.305176,16.335815
1711027916225,21.53,460.25897,13.45,220.59999,16.680393,27,54,34.22,4213,22,16.2,830.192,46.30511,16.335556
1711027916543,22.177,460.25897,13.45,220.59999,16.680393,27,54,34.22,4213,22,16.2,830.194,46.30511,16.335556
1711027916881,22.483,450.4668,13.16,220.59999,16.680393,27,53,34.23,4210,22,15.9,830.195,46.30511,16.335556
1711027917193,22.238,439.46957,12.82,220.59999,16.680393,27,53,34.28,4210,22,15.9,830.197,46.30511,16.335556
1711027917825,22.29,449.7025,13.13,220.59999,16.680393,27,53,34.25,4209,22,15.9,830.199,46.30511,16.335556
1711027918163,21.877,406.017,11.82,220.59999,16.680393,27,53,34.35,4205,22,15.9,830.204,46.30511,16.335556
1711027918522,21.267,51.698605,1.46,220.59999,16.680393,27,53,35.41,4204,22,15.9,830.205,46.30511,16.335556
1711027918858,20.565,-109.3488,-3.04,220.59999,16.680393,27,53,35.97,4203,22,15.9,830.208,46.30511,16.335556
1711027919218,21.293,360.64383,10.31,220.59999,16.680393,27,53,34.98,4203,22,15.9,830.209,46.30511,16.335556
1711027919557,21.125,461.93277,13.44,220.59999,16.680393,27,53,34.37,4202,22,15.9,830.211,46.30511,16.335556
1711027919985,21.137,461.93277,13.44,220.59999,16.680393,27,53,34.37,4202,22,15.9,830.212,46.30511,16.335556
1711027920457,21.463,367.10547,10.65,220.59999,16.680393,27,53,34.47,4199,22,15.9,830.215,46.30511,16.335556
1711027920816,19.877,-99.165,-2.75,220.59999,16.680393,27,53,36.06,4198,22,15.9,830.219,46.30511,16.335556
1711027921313,19.183,-99.165,-2.75,220.59999,18.237534,27,53,36.06,4198,22,15.9,830.22,46.30505,16.33523
1711027921650,17.545,-80.6591,-2.23,220.59999,18.237534,27,53,36.17,4197,22,15.9,830.223,46.30505,16.33523
1711027921964,16.67,-81.405,-2.25,220.59999,18.237534,27,53,36.18,4197,22,15.9,830.225,46.30505,16.33523
1711027922437,16.025,-76.7016,-2.12,220.59999,18.237534,27,53,36.18,4196,22,15.9,830.227,46.30505,16.33523
1711027922751,16.204,-72.7218,-2.01,220.59999,18.237534,27,53,36.18,4196,22,15.9,830.228,46.30505,16.33523
1711027923067,15.046,-72.7419,-2.01,220.59999,18.237534,27,53,36.19,4196,22,15.9,830.229,46.30505,16.33523
1711027923381,14.361,-63.315,-1.75,220.59999,18.237534,27,53,36.18,4195,22,15.9,830.23,46.30505,16.33523
1711027923809,14.265,-62.953197,-1.74,220.59999,18.237534,27,53,36.18,4195,22,15.9,830.233,46.30505,16.33523
1711027924124,14.231,-62.2296,-1.72,220.59999,18.237534,27,53,36.18,4195,22,15.9,830.234,46.30505,16.33523
1711027924664,14.361,-44.8136,-1.24,220.59999,18.237534,27,53,36.14,4194,22,15.9,830.235,46.30505,16.33523
1711027925228,16.265,142.81631,4.07,220.59999,18.237534,27,53,35.09,4194,22,15.9,830.239,46.30505,16.33523
1711027925564,16.378,517.18243,15.14,220.59999,18.237534,27,53,34.16,4191,22,15.9,830.24,46.30505,16.33523
1711027925923,16.753,513.4656,15.04,220.59999,18.237534,27,53,34.14,4190,22,15.9,830.241,46.30505,16.33523
1711027926261,17.242,501.0788,14.66,220.79999,16.066883,27,53,34.18,4188,22,15.9,830.243,46.30492,16.33501
1711027926622,17.646,499.028,14.6,220.79999,16.066883,27,53,34.18,4187,22,15.9,830.244,46.30492,16.33501
1711027927364,17.386,499.028,14.6,220.79999,16.066883,27,53,34.18,4187,22,15.9,830.245,46.30492,16.33501
1711027927700,17.484,491.9574,14.41,220.79999,16.066883,27,53,34.14,4182,22,15.9,830.25,46.30492,16.33501
1711027928038,18.25,485.4136,14.21,220.79999,16.066883,27,53,34.16,4181,22,15.9,830.251,46.30492,16.33501
1711027928353,18.464,465.7342,13.61,220.79999,16.066883,27,53,34.22,4178,22,15.9,830.254,46.30492,16.33501
1711027928669,18.464,470.7296,13.76,220.79999,16.066883,27,53,34.21,4178,22,15.9,830.255,46.30492,16.33501
1711027928983,18.854,467.7874,13.67,220.79999,16.066883,27,53,34.22,4176,22,15.9,830.257,46.30492,16.33501
1711027929299,19.293,465.0498,13.59,220.79999,16.066883,27,53,34.22,4175,22,15.9,830.258,46.30492,16.33501
1711027929773,19.779,460.7358,13.46,220.79999,16.066883,27,53,34.23,4174,22,15.9,830.261,46.30492,16.33501
1711027930110,19.88,456.07678,13.32,220.79999,16.066883,27,53,34.24,4172,22,15.9,830.262,46.30492,16.33501
1711027930447,19.995,454.57437,13.28,220.79999,16.066883,27,53,34.23,4171,22,15.9,830.265,46.30492,16.33501
1711027930763,20.01,452.6528,13.22,220.79999,16.066883,27,53,34.24,4170,22,15.9,830.266,46.30492,16.33501
1711027931235,20.105,452.6528,13.22,220.79999,12.845323,27,53,34.24,4170,22,15.9,830.267,46.304718,16.334972
1711027931594,20.388,452.1783,13.21,220.79999,12.845323,27,53,34.23,4166,22,15.9,830.27,46.304718,16.334972
1711027931933,20.859,451.572,13.2,220.79999,12.845323,27,53,34.21,4164,22,15.9,830.273,46.304718,16.334972
1711027932292,20.984,454.993,13.3,220.79999,12.845323,27,53,34.21,4163,22,15.9,830.274,46.304718,16.334972
1711027932720,21.119,454.518,13.29,220.79999,12.845323,27,53,34.2,4162,22,15.9,830.276,46.304718,16.334972
1711027933056,21.463,453.15,13.25,220.79999,12.845323,27,53,34.2,4161,22,15.9,830.28,46.304718,16.334972
1711027933417,21.515,454.518,13.29,220.79999,12.845323,27,53,34.2,4158,22,15.9,830.281,46.304718,16.334972
1711027933775,21.579,454.38513,13.29,220.79999,12.845323,27,53,34.19,4158,22,15.9,830.283,46.304718,16.334972
1711027934114,21.709,455.2776,13.32,220.79999,12.845323,27,53,34.18,4156,22,15.9,830.286,46.304718,16.334972
1711027934631,21.937,454.1193,13.29,220.79999,12.845323,27,53,34.17,4154,22,15.9,830.287,46.304718,16.334972
1711027934970,22.099,448.2309,13.11,220.79999,12.845323,27,53,34.19,4154,22,15.9,830.29,46.304718,16.334972
1711027935305,22.287,444.258,12.99,220.79999,12.845323,27,53,34.2,4151,22,15.9,830.293,46.304718,16.334972
1711027935622,22.31,439.3848,12.84,220.79999,12.845323,27,53,34.22,4150,22,15.9,830.295,46.304718,16.334972
1711027935936,22.206,429.3696,12.54,220.79999,11.37919,27,53,34.24,4150,22,15.9,830.296,46.304665,16.334976
1711027936275,22.57,435.06332,12.71,220.79999,15.19563,27,53,34.23,4148,22,15.9,830.3,46.304516,16.33503
1711027936611,22.663,412.286,12.02,220.79999,15.19563,27,53,34.3,4146,22,15.9,830.301,46.304516,16.33503
1711027936950,22.59,410.6907,11.97,220.79999,15.19563,27,53,34.31,4145,22,15.9,830.303,46.304516,16.33503
1711027937286,22.743,415.4941,12.11,220.79999,15.19563,27,53,34.31,4145,22,15.9,830.306,46.304516,16.33503
1711027937601,22.836,396.2836,11.54,220.79999,15.19563,27,53,34.34,4142,22,15.9,830.308,46.304516,16.33503
1711027937918,22.836,396.2836,11.54,220.79999,15.19563,27,53,34.34,4142,22,15.9,830.308,46.304516,16.33503
1711027938276,22.648,404.40738,11.78,220.79999,15.19563,27,53,34.33,4141,22,15.9,830.312,46.304516,16.33503
1711027938614,22.787,409.43762,11.93,220.79999,15.19563,27,53,34.32,4139,22,15.9,830.313,46.304516,16.33503
1711027939042,22.977,409.43762,11.93,220.79999,15.19563,27,53,34.32,4139,22,15.9,830.315,46.304516,16.33503
1711027939357,23.079,372.7686,10.83,220.79999,15.19563,27,53,34.42,4138,22,15.9,830.318,46.304516,16.33503
1711027939717,23.125,372.7686,10.83,220.79999,15.19563,27,53,34.42,4135,22,15.9,830.321,46.304516,16.33503
1711027940032,23.012,372.87692,10.83,220.79999,15.19563,27,53,34.43,4135,22,15.9,830.323,46.304516,16.33503
1711027940369,23.087,384.35968,11.17,220.79999,15.19563,27,52,34.41,4133,22,15.9,830.325,46.304516,16.33503
1711027940685,23.053,375.9756,10.92,220.79999,15.19563,27,52,34.43,4133,22,15.6,830.326,46.304516,16.33503
1711027941382,22.992,378.04138,10.98,220.79999,13.158855,27,52,34.43,4132,22,15.6,830.329,46.3044,16.33506
1711027941720,23.183,375.0516,10.89,220.79999,13.158855,27,52,34.44,4130,22,15.6,830.334,46.3044,16.33506
1711027942125,23.183,369.54117,10.73,220.79999,13.158855,27,52,34.44,4129,22,15.6,830.334,46.3044,16.33506
1711027942441,23.246,369.54117,10.73,220.79999,13.158855,27,52,34.44,4129,22,15.6,830.339,46.3044,16.33506
1711027942754,23.238,361.4552,10.48,220.79999,13.158855,27,52,34.49,4126,22,15.6,830.341,46.3044,16.33506
1711027943070,23.188,361.6952,10.49,220.79999,13.158855,27,52,34.48,4124,22,15.6,830.342,46.3044,16.33506
1711027943542,23.316,361.6952,10.49,220.79999,13.158855,27,52,34.48,4124,22,15.6,830.344,46.3044,16.33506
1711027943902,23.11,347.2712,10.06,220.79999,13.158855,27,52,34.52,4122,22,15.6,830.348,46.3044,16.33506
1711027944444,21.888,338.8319,9.79,220.79999,13.158855,27,52,34.61,4122,22,15.6,830.352,46.3044,16.33506
1711027945365,21.417,-117.29479,-3.26,220.79999,13.158855,27,52,35.98,4121,22,15.6,830.353,46.3044,16.33506
1711027945725,19.042,-103.3604,-2.86,220.79999,13.158855,27,52,36.14,4120,22,15.6,830.359,46.3044,16.33506
1711027946061,18.227,-99.385,-2.75,220.79999,15.124273,27,52,36.14,4120,22,15.6,830.361,46.30416,16.335157
1711027946400,17.877,-92.157005,-2.55,220.79999,15.124273,27,52,36.14,4120,22,15.6,830.362,46.30416,16.335157
1711027946737,17.297,-92.157005,-2.55,220.79999,15.124273,27,52,36.14,4120,22,15.6,830.363,46.30416,16.335157
1711027947074,16.222,-84.92899,-2.35,220.79999,15.124273,27,52,36.14,4119,22,15.6,830.365,46.30416,16.335157
1711027947390,15.644,-81.315,-2.25,220.79999,15.124273,27,52,36.14,4119,22,15.6,830.366,46.30416,16.335157
1711027947748,14.537,-81.925,-2.26,220.79999,15.124273,27,52,36.25,4119,22,15.6,830.368,46.30416,16.335157
1711027948086,13.604,-154.20879,-4.24,220.79999,15.124273,27,52,36.37,4119,22,15.6,830.369,46.30416,16.335157
1711027948425,11.697,-161.252,-4.43,220.79999,15.124273,27,52,36.4,4119,22,15.6,830.371,46.30416,16.335157
1711027948741,10.781,-123.48801,-3.4,220.79999,15.124273,27,52,36.32,4120,22,15.6,830.372,46.30416,16.335157
1711027949054,9.772,-103.675,-2.86,220.79999,15.124273,27,52,36.25,4119,23,15.6,830.372,46.30416,16.335157
1711027949370,8.74,-71.9783,-1.99,220.79999,15.124273,27,52,36.17,4119,23,15.6,830.374,46.30416,16.335157
1711027949730,8.509,-36.791397,-1.02,220.79999,15.124273,27,52,36.07,4119,23,15.6,830.374,46.30416,16.335157
1711027950069,8.342,-38.594902,-1.07,220.79999,15.124273,27,52,36.07,4118,23,15.6,830.375,46.30416,16.335157
1711027950382,7.616,-35.358402,-0.98,220.79999,15.124273,27,52,36.08,4118,23,15.6,830.375,46.30416,16.335157
1711027950721,7.079,-45.1125,-1.25,220.79999,15.124273,27,52,36.09,4119,23,15.6,830.376,46.30416,16.335157
1711027951056,6.698,-28.4874,-0.79,220.79999,14.930178,27,52,36.06,4118,22,15.6,830.377,46.30397,16.335218
1711027951418,5.155,-28.471601,-0.79,220.79999,14.930178,27,52,36.04,4118,22,15.6,830.377,46.30397,16.335218
1711027951733,6.033,-14.043899,-0.39,220.79999,14.930178,27,52,36.01,4118,22,15.6,830.378,46.30397,16.335218
1711027952068,5.55,-29.552801,-0.82,220.79999,14.930178,27,52,36.04,4118,22,15.6,830.378,46.30397,16.335218
1711027952429,2.057,-6.1166005,-0.17,220.79999,14.930178,27,52,35.98,4111,22,15.6,830.378,46.30397,16.335218
1711027952743,2.112,1.0794,0.03,220.79999,14.930178,27,52,35.98,4111,22,15.6,830.378,46.30397,16.335218
1711027953059,1.826,0.71959996,0.02,220.79999,14.930178,27,52,35.98,4111,22,15.6,830.378,46.30397,16.335218
1711027953376,2.583,1.0794,0.03,220.79999,14.930178,27,52,35.98,4108,22,15.6,830.378,46.30397,16.335218
1711027953712,1.805,1.0794,0.03,220.79999,14.930178,27,52,35.98,4107,22,15.6,830.378,46.30397,16.335218
1711027954072,0.586,0.71979994,0.02,220.79999,14.930178,27,52,35.99,4107,22,15.6,830.378,46.30397,16.335218
1711027954433,-0.301,0.71979994,0.02,220.79999,14.930178,27,52,35.99,4107,22,15.6,830.378,46.30397,16.335218
1711027954747,0.014,1.0797,0.03,220.79999,14.930178,27,52,35.99,4100,22,15.6,830.378,46.30397,16.335218
1711027955084,0.086,1.08,0.03,220.79999,14.930178,27,52,36,4099,22,15.6,830.378,46.30397,16.335218
1711027955445,0,0.72,0.02,220.79999,14.930178,27,52,36,4093,22,15.6,830.378,46.30397,16.335218
1711027955782,0.092,0.72019994,0.02,220.79999,14.930178,27,52,36.01,4092,22,15.6,830.378,46.30397,16.335218
1711027956121,0.092,0.72019994,0.02,220.59999,9.854871,27,52,36.01,4092,22,15.6,830.378,46.303837,16.33524
1711027956456,0.257,0.72019994,0.02,220.59999,9.854871,27,52,36.01,4085,22,15.6,830.378,46.303837,16.33524
1711027956772,0.28,1.0806,0.03,220.59999,9.854871,27,52,36.02,4085,22,15.6,830.378,46.303837,16.33524
1711027957336,0.28,0.72040004,0.02,220.59999,9.854871,27,52,36.02,4084,22,15.6,830.378,46.303837,16.33524
1711027957762,0,1.0806,0.03,220.59999,9.854871,27,52,36.02,4077,22,15.6,830.378,46.303837,16.33524
1711027958077,0,1.0809,0.03,220.59999,9.854871,27,52,36.03,4076,22,15.6,830.378,46.303837,16.33524
1711027958439,-0.113,0.72059995,0.02,220.59999,9.854871,27,52,36.03,4076,22,15.6,830.378,46.303837,16.33524
1711027958797,0,0.36040002,0.01,220.59999,9.854871,27,52,36.04,4075,22,15.6,830.378,46.303837,16.33524
1711027959158,0,1.0812,0.03,220.59999,9.854871,27,52,36.04,4075,22,15.6,830.378,46.303837,16.33524
1711027959608,0,1.0812,0.03,220.59999,9.854871,27,52,36.04,4075,22,15.6,830.378,46.303837,16.33524
1711027959922,-0.131,0.72099996,0.02,220.59999,9.854871,27,52,36.05,4068,22,15.6,830.378,46.303837,16.33524
1711027960260,0,1.0814999,0.03,220.59999,9.854871,27,52,36.05,4070,22,15.6,830.378,46.303837,16.33524
1711027960644,0,1.0814999,0.03,220.59999,9.854871,27,52,36.05,4070,22,15.6,830.378,46.303837,16.33524
1711027960979,0,0.7211999,0.02,220.59999,9.854871,26,52,36.06,4069,22,15.6,830.378,46.303837,16.33524
1711027961341,0,0.7211999,0.02,220.59999,4.160239,26,52,36.06,4069,22,15.6,830.378,46.303787,16.335297
1711027961654,-0.044,1.0818,0.03,220.59999,4.160239,26,52,36.06,4071,22,15.6,830.378,46.303787,16.335297
1711027962464,-0.142,1.0818,0.03,220.59999,4.160239,26,52,36.06,4071,22,15.6,830.378,46.303787,16.335297
1711027962781,0.384,1.0821,0.03,220.59999,4.160239,26,52,36.07,4073,22,15.6,830.378,46.303787,16.335297
1711027963118,-0.191,0.7214,0.02,220.59999,4.160239,26,52,36.07,4072,22,15.6,830.378,46.303787,16.335297
1711027963454,-0.223,0.72159994,0.02,220.59999,4.160239,26,52,36.08,4072,22,15.6,830.378,46.303787,16.335297
1711027963792,-0.206,0.72159994,0.02,220.59999,4.160239,26,52,36.08,4071,22,15.6,830.378,46.303787,16.335297
1711027964444,0.17,0.72159994,0.02,220.59999,4.160239,26,52,36.08,4071,22,15.6,830.378,46.303787,16.335297
1711027964805,0,1.0827,0.03,220.59999,4.160239,26,52,36.09,4074,22,15.6,830.378,46.303787,16.335297
1711027965210,0,1.0827,0.03,220.59999,4.160239,26,52,36.09,4073,22,15.6,830.378,46.303787,16.335297
1711027965571,0.979,1.0827,0.03,220.59999,4.160239,26,52,36.09,4076,22,15.6,830.378,46.303787,16.335297
1711027965886,0.979,1.0827,0.03,220.59999,4.160239,26,52,36.09,4075,22,15.6,830.378,46.303787,16.335297
1711027966200,1.938,0.72199994,0.02,220.59999,4.160239,26,52,36.1,4074,22,15.6,830.378,46.303787,16.335297
1711027966516,2.198,0.72199994,0.02,220.59999,4.160239,26,52,36.1,4077,22,15.6,830.378,46.303787,16.335297
1711027966853,1.103,1.083,0.03,220.59999,4.160239,26,52,36.1,4077,22,15.6,830.378,46.303787,16.335297
1711027967169,0.65,0.72220004,0.02,220.59999,4.160239,26,52,36.11,4077,22,15.6,830.378,46.303787,16.335297
1711027967730,0.234,0.72220004,0.02,220.59999,4.160239,26,52,36.11,4080,22,15.6,830.378,46.303787,16.335297
1711027968066,0.346,0.36110002,0.01,220.59999,4.160239,26,52,36.11,4079,22,15.6,830.378,46.303787,16.335297
1711027968653,0.395,0.36110002,0.01,220.59999,4.160239,26,52,36.11,4079,22,15.6,830.378,46.303787,16.335297
1711027968990,0.141,0.72239995,0.02,220.59999,4.160239,26,52,36.12,4081,22,15.6,830.378,46.303787,16.335297
1711027969328,0.115,1.0836,0.03,220.59999,4.160239,26,52,36.12,4084,22,15.6,830.378,46.303787,16.335297
1711027969689,1.08,0.72239995,0.02,220.59999,4.160239,26,52,36.12,4084,22,15.6,830.378,46.303787,16.335297
1711027970024,0.647,0.72239995,0.02,220.59999,4.160239,26,52,36.12,4083,22,15.6,830.378,46.303787,16.335297
1711027970340,-0.191,1.0839,0.03,220.59999,4.160239,26,52,36.13,4083,22,15.6,830.378,46.303787,16.335297
1711027970678,-0.191,0.36130002,0.01,220.59999,4.160239,26,52,36.13,4083,22,15.6,830.378,46.303787,16.335297
1711027970993,0.329,1.0839,0.03,220.59999,4.160239,26,52,36.13,4082,22,15.6,830.378,46.303787,16.335297
1711027971353,1.456,0.72260004,0.02,220.59999,4.160239,26,52,36.13,4085,22,15.6,830.378,46.303787,16.335297
1711027971690,2.953,0.72260004,0.02,220.59999,4.160239,26,52,36.13,4084,22,15.6,830.378,46.303787,16.335297
1711027972006,5.022,0.7228,0.02,220.59999,4.160239,26,52,36.14,4084,22,15.6,830.378,46.303787,16.335297
1711027972432,5.493,0.7228,0.02,220.59999,4.160239,26,52,36.14,4084,22,15.6,830.378,46.303787,16.335297
1711027972793,7.738,1.0842,0.03,220.59999,4.160239,26,52,36.14,4087,22,15.6,830.379,46.303787,16.335297
1711027973108,7.631,131.75299,3.67,220.59999,4.160239,26,52,35.9,4087,22,15.6,830.379,46.303787,16.335297
1711027973445,8.584,129.918,3.67,220.59999,4.160239,25,52,35.4,4087,22,15.6,830.38,46.303787,16.335297
1711027973783,8.686,514.8324,14.94,220.59999,4.160239,25,52,34.46,4085,22,15.6,830.38,46.303787,16.335297
1711027974142,11.471,507.105,14.75,220.59999,4.160239,26,52,34.38,4084,22,15.6,830.382,46.303787,16.335297
1711027974706,11.662,514.9065,14.99,220.59999,4.160239,26,52,34.35,4083,22,15.6,830.383,46.303787,16.335297
1711027975043,13.349,516.59955,15.07,220.59999,4.160239,26,52,34.28,4080,22,15.6,830.385,46.303787,16.335297
1711027975356,14.115,519.5725,15.17,220.59999,4.160239,26,52,34.25,4079,22,15.6,830.386,46.303787,16.335297
1711027975988,15.046,524.06134,15.31,220.59999,4.160239,26,52,34.23,4078,22,15.6,830.389,46.303787,16.335297
1711027976416,15.046,524.97,15.35,220.59999,3.879466,26,52,34.2,4075,22,15.6,830.389,46.303726,16.335205
1711027976844,15.936,524.97,15.35,220.59999,3.879466,26,52,34.2,4075,22,15.6,830.391,46.303726,16.335205
1711027977179,17.138,520.06744,15.22,220.59999,3.879466,26,52,34.17,4071,22,15.6,830.394,46.303726,16.335205
1711027977831,17.172,508.212,14.86,220.59999,3.879466,26,52,34.2,4070,22,15.6,830.395,46.303726,16.335205
1711027978171,18.808,482.66238,14.08,220.59999,3.879466,26,52,34.28,4067,22,15.6,830.399,46.303726,16.335205
1711027978823,20.49,469.0177,13.67,220.59999,3.879466,26,52,34.31,4066,22,15.6,830.403,46.303726,16.335205
1711027979409,19.071,468.12482,13.64,220.59999,3.879466,26,52,34.32,4063,22,15.6,830.404,46.303726,16.335205
1711027979723,19.071,468.12482,13.64,220.59999,3.879466,26,52,34.32,4063,22,15.6,830.404,46.303726,16.335205
1711027980060,19.868,461.46948,13.45,220.59999,3.879466,26,52,34.31,4061,22,15.6,830.409,46.303726,16.335205
1711027980443,20.062,457.27557,13.32,220.59999,3.879466,26,52,34.33,4059,22,15.6,830.411,46.303726,16.335205
1711027980802,20.542,458.0385,13.35,220.59999,3.879466,26,52,34.31,4057,22,15.6,830.413,46.303726,16.335205
1711027981141,20.559,460.17178,13.42,218.29999,10.778274,26,52,34.29,4056,22,15.6,830.415,46.30354,16.335037
1711027981456,20.836,459.82892,13.41,218.29999,10.778274,26,51,34.29,4055,22,15.3,830.416,46.30354,16.335037
1711027981792,21.273,460.9315,13.45,218.29999,10.778274,26,51,34.27,4054,22,15.3,830.419,46.30354,16.335037
1711027982108,21.478,460.9315,13.45,218.29999,10.778274,26,51,34.27,4053,22,15.3,830.42,46.30354,16.335037
1711027982423,21.744,461.6169,13.47,218.29999,10.778274,26,51,34.27,4052,22,15.3,830.423,46.30354,16.335037
1711027982783,21.969,461.48224,13.47,218.29999,10.778274,27,51,34.26,4053,22,15.3,830.425,46.30354,16.335037
1711027983098,22.336,458.3988,13.38,218.29999,10.778274,27,51,34.26,4052,22,15.3,830.427,46.30354,16.335037
1711027983435,22.59,448.7748,13.08,218.29999,10.778274,27,51,34.31,4051,22,15.3,830.429,46.30354,16.335037
1711027983795,22.431,428.78168,12.49,218.29999,10.778274,27,51,34.33,4051,22,15.3,830.43,46.30354,16.335037
1711027984111,22.443,437.92322,12.76,218.29999,10.778274,27,51,34.32,4049,22,15.3,830.432,46.30354,16.335037
1711027984696,22.871,438.30603,12.76,218.29999,10.778274,27,51,34.35,4048,22,15.3,830.435,46.30354,16.335037
1711027985146,22.998,389.737,11.3,218.29999,10.778274,27,51,34.49,4047,22,15.3,830.44,46.30354,16.335037
1711027985731,23.139,384.33,11.14,221.09999,10.470409,27,51,34.5,4046,22,15.3,830.442,46.303486,16.334974
1711027986090,23.394,375.4498,10.87,221.09999,18.203962,27,51,34.54,4043,22,15.3,830.446,46.303326,16.334757
1711027986405,23.521,358.3524,10.36,221.09999,18.203962,27,51,34.59,4042,22,15.3,830.448,46.303326,16.334757
1711027986720,23.628,346.3,10,221.09999,18.203962,27,51,34.63,4042,22,15.3,830.45,46.303326,16.334757
1711027987059,23.532,341.649,9.86,221.09999,18.203962,27,51,34.65,4040,22,15.3,830.452,46.303326,16.334757
1711027987532,23.605,341.649,9.86,221.09999,18.203962,27,51,34.65,4040,22,15.3,830.453,46.303326,16.334757
1711027987867,23.801,322.016,9.28,221.09999,18.203962,27,51,34.7,4039,22,15.3,830.458,46.303326,16.334757
1711027988228,24.067,307.3605,8.85,221.09999,18.203962,27,51,34.73,4037,22,15.3,830.459,46.303326,16.334757
1711027988588,23.353,307.3605,8.85,221.09999,18.203962,27,51,34.73,4037,22,15.3,830.463,46.303326,16.334757
1711027988925,23.469,351.9837,10.17,221.09999,18.203962,27,51,34.61,4035,22,15.3,830.464,46.303326,16.334757
1711027989534,23.544,349.66202,10.1,221.09999,18.203962,27,51,34.62,4035,22,15.3,830.469,46.303326,16.334757
1711027989869,23.729,344.2222,9.94,221.09999,18.203962,27,51,34.63,4033,22,15.3,830.471,46.303326,16.334757
1711027990433,23.642,329.27,9.5,221.09999,18.203962,27,51,34.66,4032,22,15.3,830.475,46.303326,16.334757
1711027990815,23.613,329.27,9.5,221.09999,18.203962,27,51,34.66,4032,22,15.3,830.475,46.303326,16.334757
1711027991152,23.784,331.6005,9.57,221.09999,21.15371,27,51,34.65,4030,22,15.3,830.479,46.303112,16.334465
1711027991513,23.633,338.53052,9.77,221.09999,21.15371,27,51,34.65,4028,22,15.3,830.481,46.303112,16.334465
1711027991828,23.709,285.80942,8.22,221.09999,21.15371,27,51,34.77,4028,22,15.3,830.484,46.303112,16.334465
1711027992436,23.362,286.467,8.22,221.09999,21.15371,27,51,34.85,4027,22,15.3,830.486,46.303112,16.334465
1711027992772,23.639,325.804,9.4,221.09999,21.15371,27,51,34.66,4028,22,15.3,830.49,46.303112,16.334465
1711027993088,23.746,327.8836,9.46,221.09999,21.15371,27,51,34.66,4028,22,15.3,830.491,46.303112,16.334465
1711027993425,23.691,323.5644,9.33,221.09999,21.15371,27,51,34.68,4027,22,15.3,830.494,46.303112,16.334465
1711027993898,23.691,320.09637,9.23,221.09999,21.15371,27,51,34.68,4026,22,15.3,830.494,46.303112,16.334465
1711027994237,23.732,325.6452,9.39,221.09999,21.15371,27,51,34.68,4025,23,15.3,830.499,46.303112,16.334465
1711027994596,23.729,322.87082,9.31,221.09999,21.15371,27,51,34.68,4024,23,15.3,830.502,46.303112,16.334465
1711027994933,23.815,321.1368,9.26,221.09999,21.15371,27,51,34.68,4022,23,15.3,830.504,46.303112,16.334465
1711027995249,23.813,317.06662,9.14,221.09999,21.15371,27,51,34.69,4022,23,15.3,830.505,46.303112,16.334465
1711027995720,23.804,322.17722,9.29,221.09999,21.15371,27,51,34.68,4022,23,15.3,830.51,46.303112,16.334465
1711027996080,23.74,324.16452,9.35,221.09999,22.549248,27,51,34.67,4021,23,15.3,830.511,46.30289,16.334211
1711027996441,23.801,323.1244,9.32,221.09999,22.549248,27,51,34.67,4020,23,15.3,830.513,46.30289,16.334211
1711027996800,24.006,312.647,9.01,221.09999,22.549248,27,51,34.7,4018,23,15.3,830.516,46.30289,16.334211
1711027997161,24.032,300.8484,8.66,221.09999,22.549248,27,51,34.74,4018,23,15.3,830.518,46.30289,16.334211
1711027997544,24.188,288.8556,8.31,221.09999,22.549248,27,51,34.76,4017,23,15.3,830.521,46.30289,16.334211
1711027997881,24.333,289.27112,8.31,221.09999,22.549248,27,51,34.81,4016,23,15.3,830.523,46.30289,16.334211
1711027998466,24.076,274.999,7.9,221.09999,22.549248,27,51,34.81,4016,23,15.3,830.528,46.30289,16.334211
1711027998781,24.044,286.6696,8.24,221.09999,22.549248,27,51,34.79,4014,23,15.3,830.53,46.30289,16.334211
1711027999322,23.778,286.6696,8.24,221.09999,22.549248,27,51,34.79,4014,23,15.3,830.531,46.30289,16.334211
1711027999681,23.821,314.72897,9.07,221.09999,22.549248,27,51,34.7,4012,23,15.3,830.536,46.30289,16.334211
1711028000018,23.688,315.93478,9.11,221.09999,22.549248,27,51,34.68,4011,23,15.3,830.538,46.30289,16.334211
1711028000378,23.691,325.20462,9.38,221.09999,22.549248,27,51,34.67,4011,23,15.3,830.54,46.30289,16.334211
1711028000738,23.576,326.3088,9.42,221.09999,22.549248,27,51,34.64,4010,23,15.3,830.542,46.30289,16.334211
1711028001074,23.775,330.9075,9.55,221.09999,22.537294,27,51,34.65,4010,23,15.3,830.544,46.302708,16.333918
1711028001730,24.893,321.0442,9.26,221.09999,22.537294,27,51,34.67,4009,23,15.3,830.547,46.302708,16.333918
1711028002067,23.162,321.0442,9.26,221.09999,22.537294,27,51,34.67,4009,23,15.3,830.552,46.302708,16.333918
1711028002427,23.162,321.0442,9.26,221.09999,22.537294,27,51,34.67,4009,23,15.3,830.552,46.302708,16.333918
1711028002785,23.119,372.8369,10.81,221.09999,22.537294,27,51,34.49,4008,23,15.3,830.556,46.302708,16.333918
1711028003393,23.087,371.0048,10.76,221.09999,22.537294,27,51,34.48,4007,23,15.3,830.558,46.302708,16.333918
1711028003934,23.032,381.8287,11.09,221.09999,22.537294,27,51,34.43,4006,23,15.3,830.561,46.302708,16.333918
1711028004248,23.232,382.6392,11.12,221.09999,22.537294,27,51,34.41,4005,23,15.3,830.566,46.302708,16.333918
1711028004835,23.223,369.43387,10.73,221.09999,22.537294,27,51,34.43,4003,23,15.3,830.567,46.302708,16.333918
1711028005149,23.24,355.453,10.3,221.09999,22.537294,27,51,34.51,4002,23,15.3,830.571,46.302708,16.333918
1711028005644,23.183,355.453,10.3,221.09999,22.537294,27,51,34.51,4002,23,15.3,830.572,46.302708,16.333918
1711028005958,23.255,365.1432,10.59,221.09999,22.537294,27,51,34.48,3999,23,15.3,830.575,46.302708,16.333918
1711028006341,23.333,316.06122,9.14,220.4,22.258875,27,51,34.58,3998,23,15.3,830.579,46.30259,16.33357
1711028006656,23.385,345.25436,9.99,220.4,22.258875,27,51,34.56,3998,23,15.3,830.58,46.30259,16.33357
1711028007015,23.353,343.427,9.94,220.4,22.258875,27,51,34.55,3997,23,15.3,830.584,46.30259,16.33357
1711028007331,23.37,351.0684,10.17,220.4,22.258875,27,51,34.52,3995,23,15.3,830.585,46.30259,16.33357
1711028007691,23.304,352.69223,10.22,220.4,22.258875,27,51,34.51,3995,23,15.3,830.587,46.30259,16.33357
1711028008050,23.318,352.00198,10.2,220.4,22.258875,27,51,34.51,3994,23,15.3,830.59,46.30259,16.33357
1711028008367,23.382,355.35,10.3,220.4,22.258875,27,51,34.5,3994,23,15.3,830.591,46.30259,16.33357
1711028008681,23.642,344.21762,9.96,220.4,22.258875,27,51,34.56,3993,23,15.3,830.594,46.30259,16.33357
1711028009018,23.469,325.3978,9.41,220.4,22.258875,27,51,34.58,3992,23,15.3,830.596,46.30259,16.33357
1711028009357,23.564,325.3978,9.41,220.4,22.258875,27,51,34.58,3992,23,15.3,830.599,46.30259,16.33357
1711028009672,23.68,331.0848,9.58,220.4,22.258875,27,51,34.56,3990,23,15.3,830.601,46.30259,16.33357
1711028010033,23.68,331.0848,9.58,220.4,22.258875,27,51,34.56,3990,23,15.3,830.601,46.30259,16.33357
1711028010368,23.882,323.69702,9.35,220.4,22.258875,27,51,34.62,3988,23,15.3,830.605,46.30259,16.33357
1711028010730,23.908,309.4245,8.93,220.4,22.258875,27,51,34.65,3988,23,15.3,830.607,46.30259,16.33357
1711028011042,23.711,308.0385,8.89,220.4,22.258875,27,51,34.65,3986,23,15.3,830.61,46.30259,16.33357
1711028011380,23.807,313.4015,9.05,220.4,21.943302,27,51,34.63,3986,23,15.3,830.611,46.30247,16.333225
1711028011696,24.021,320.5125,9.25,220.4,21.943302,27,51,34.65,3986,23,15.3,830.614,46.30247,16.333225
1711028012034,24.055,277.76,8,220.4,21.943302,27,51,34.72,3984,23,15.3,830.616,46.30247,16.333225
1711028012507,24.182,277.76,8,220.4,21.943302,27,51,34.72,3984,23,15.3,830.617,46.30247,16.333225
1711028012844,23.59,332.35202,9.6,220.4,21.943302,27,51,34.62,3980,23,15.3,830.622,46.30247,16.333225
1711028013316,23.46,332.06403,9.6,220.4,21.943302,27,51,34.59,3979,23,15.3,830.625,46.30247,16.333225
1711028013630,23.425,345.3,10,220.4,21.943302,27,51,34.53,3978,23,15.3,830.627,46.30247,16.333225
1711028014082,23.46,345.3,10,220.4,21.943302,27,51,34.53,3978,23,15.3,830.63,46.30247,16.333225
1711028014689,23.677,332.02548,9.61,220.4,21.943302,27,50,34.55,3976,23,15,830.631,46.30247,16.333225
1711028015140,24.047,332.02548,9.61,220.4,21.943302,27,50,34.55,3976,23,15,830.635,46.30247,16.333225
1711028015589,23.98,332.02548,9.61,220.4,21.943302,27,50,34.55,3976,23,15,830.638,46.30247,16.333225
1711028016106,23.743,308.9888,8.92,220.4,21.986526,27,50,34.64,3973,23,15,830.641,46.302372,16.332851
1711028016422,23.714,316.42682,9.14,220.4,21.986526,27,50,34.62,3971,23,15,830.646,46.302372,16.332851
1711028016759,23.688,320.83472,9.27,220.4,21.986526,27,50,34.61,3970,23,15,830.647,46.302372,16.332851
1711028017119,23.688,320.83472,9.27,220.4,21.986526,27,50,34.61,3970,23,15,830.647,46.302372,16.332851
1711028017456,23.651,323.323,9.35,220.4,21.986526,27,50,34.58,3968,23,15,830.652,46.302372,16.332851
1711028017770,23.581,324.4542,9.38,220.4,21.986526,27,50,34.59,3968,23,15,830.654,46.302372,16.332851
1711028018290,23.668,323.6688,9.36,220.4,21.986526,27,50,34.58,3967,23,15,830.655,46.302372,16.332851
1711028018625,23.888,313.56662,9.06,220.4,21.986526,27,50,34.61,3966,23,15,830.66,46.302372,16.332851
1711028019009,23.888,307.1681,8.87,220.4,21.986526,27,50,34.63,3966,23,15,830.66,46.302372,16.332851
1711028019392,23.642,307.1681,8.87,220.4,21.986526,27,50,34.63,3966,23,15,830.663,46.302372,16.332851
1711028019909,23.561,325.586,9.41,220.4,21.986526,27,50,34.6,3964,23,15,830.669,46.302372,16.332851
1711028020428,23.633,330.39365,9.56,220.4,21.986526,27,50,34.56,3962,23,15,830.669,46.302372,16.332851
1711028020810,23.376,330.39365,9.56,220.4,21.986526,27,50,34.56,3962,23,15,830.672,46.302372,16.332851
1711028021146,23.081,357.00558,10.36,220.4,21.90599,27,50,34.46,3960,23,15,830.676,46.302242,16.332504
1711028021482,23.003,373.4754,10.86,220.4,21.90599,27,50,34.39,3959,23,15,830.678,46.302242,16.332504
1711028021844,22.995,377.49237,10.98,220.4,21.90599,27,50,34.38,3958,23,15,830.68,46.302242,16.332504
1711028022181,23.223,366.70398,10.66,220.4,21.90599,27,50,34.4,3957,23,15,830.683,46.302242,16.332504
1711028022611,23.145,366.70398,10.66,220.4,21.90599,27,50,34.4,3957,23,15,830.686,46.302242,16.332504
1711028023194,23.281,368.31693,10.71,220.4,21.90599,27,50,34.39,3952,23,15,830.687,46.302242,16.332504
1711028023510,23.535,348.7352,10.12,220.4,21.90599,27,50,34.46,3951,23,15,830.692,46.302242,16.332504
1711028023846,23.697,326.3085,9.45,220.4,21.90599,27,50,34.53,3950,23,15,830.693,46.302242,16.332504
1711028024342,23.711,326.3085,9.45,220.4,21.90599,27,50,34.53,3950,23,15,830.695,46.302242,16.332504
1711028024679,23.509,333.02148,9.65,220.4,21.90599,27,50,34.51,3948,23,15,830.699,46.302242,16.332504
1711028024994,23.486,334.74698,9.7,220.4,21.90599,27,50,34.51,3947,23,15,830.701,46.302242,16.332504
1711028025355,23.46,334.0568,9.68,220.4,21.90599,27,50,34.51,3946,23,15,830.704,46.302242,16.332504
1711028025691,23.483,334.305,9.69,220.4,21.90599,27,50,34.5,3945,23,15,830.705,46.302242,16.332504
1711028026007,23.538,333.02148,9.65,220.4,21.90599,27,50,34.51,3944,23,15,830.707,46.302242,16.332504
1711028026345,23.35,333.615,9.67,220.09999,22.031927,27,50,34.5,3944,23,15,830.71,46.302074,16.332195
1711028026795,23.35,342.0416,9.92,220.09999,22.031927,27,50,34.48,3943,23,15,830.71,46.302074,16.332195
1711028027154,23.272,347.01218,10.07,220.09999,22.031927,27,50,34.46,3942,23,15,830.715,46.302074,16.332195
1711028027490,23.327,349.6675,10.15,220.09999,22.031927,27,50,34.45,3940,23,15,830.717,46.302074,16.332195
1711028027852,23.61,326.6203,9.47,220.09999,22.031927,27,50,34.49,3939,23,15,830.719,46.302074,16.332195
1711028028211,23.541,326.6538,9.46,220.09999,22.031927,27,50,34.53,3939,23,15,830.722,46.302074,16.332195
1711028028526,23.2,343.076,9.95,220.09999,22.031927,27,50,34.48,3938,23,15,830.724,46.302074,16.332195
1711028028864,23.264,359.4492,10.44,220.09999,22.031927,27,50,34.43,3937,23,15,830.726,46.302074,16.332195
1711028029178,22.94,359.136,10.44,220.09999,22.031927,27,50,34.4,3937,23,15,830.729,46.302074,16.332195
1711028029539,23.122,370.87198,10.8,220.09999,22.031927,27,50,34.34,3935,23,15,830.73,46.302074,16.332195
1711028030079,23.145,375.5548,10.93,220.09999,22.031927,27,50,34.36,3935,23,15,830.734,46.302074,16.332195
1711028030686,23.102,362.3652,10.54,220.09999,22.031927,27,50,34.38,3933,23,15,830.736,46.302074,16.332195
1711028031115,23.29,362.3652,10.54,220.09999,21.808086,27,50,34.38,3933,23,15,830.739,46.301888,16.331934
1711028031429,22.972,354.76712,10.31,220.09999,21.808086,27,50,34.41,3931,23,15,830.743,46.301888,16.331934
1711028031766,23.238,365.0094,10.62,220.09999,21.808086,27,50,34.37,3930,23,15,830.745,46.301888,16.331934
1711028032128,23.388,348.2292,10.12,220.09999,21.808086,27,50,34.41,3929,23,15,830.747,46.301888,16.331934
1711028032622,23.463,345.4332,10.03,220.09999,21.808086,27,50,34.44,3922,23,15,830.748,46.301888,16.331934
1711028033029,23.697,345.4332,10.03,220.09999,21.808086,27,50,34.44,3922,23,15,830.751,46.301888,16.331934
1711028033365,23.431,330.5673,9.59,220.09999,21.808086,27,50,34.47,3920,23,15,830.754,46.301888,16.331934
1711028033682,23.752,331.35278,9.61,220.09999,21.808086,27,50,34.48,3920,23,15,830.758,46.301888,16.331934
1711028034039,23.498,315.69562,9.14,220.09999,21.808086,27,50,34.54,3919,23,15,830.76,46.301888,16.331934
1711028034398,23.57,332.04242,9.63,220.09999,21.808086,27,50,34.48,3917,23,15,830.762,46.301888,16.331934
1711028034759,23.59,333.615,9.67,220.09999,21.808086,27,50,34.5,3916,23,15,830.764,46.301888,16.331934
1711028035389,23.633,322.3234,9.34,220.09999,21.808086,27,50,34.51,3916,23,15,830.767,46.301888,16.331934
1711028035704,23.509,312.15118,9.04,220.09999,21.808086,27,50,34.53,3915,23,15,830.77,46.301888,16.331934
1711028036042,23.434,332.9802,9.66,220.09999,21.808086,27,50,34.47,3914,23,15,830.773,46.301888,16.331934
1711028036425,23.448,338.988,9.84,220.09999,21.390438,27,50,34.45,3912,23,15,830.775,46.30167,16.331705
1711028036783,23.532,325.1464,9.43,220.09999,21.390438,27,50,34.48,3912,23,15,830.777,46.30167,16.331705
1711028037120,23.249,347.84402,10.1,220.09999,21.390438,27,50,34.44,3910,23,15,830.78,46.30167,16.331705
1711028037482,23.223,347.54102,10.1,220.09999,21.390438,27,50,34.41,3910,23,15,830.781,46.30167,16.331705
1711028037865,23.206,351.568,10.22,220.09999,21.390438,27,50,34.4,3908,23,15,830.784,46.30167,16.331705
1711028038201,23.217,354.114,10.3,220.09999,21.390438,27,50,34.38,3908,23,15,830.786,46.30167,16.331705
1711028038518,23.29,357.072,10.38,220.09999,21.390438,27,50,34.4,3908,23,15,830.789,46.30167,16.331705
1711028038831,23.235,349.84802,10.17,220.09999,21.390438,27,50,34.4,3906,23,15,830.791,46.30167,16.331705
1711028039169,23.194,349.84802,10.17,220.09999,21.390438,27,50,34.4,3906,23,15,830.794,46.30167,16.331705
1711028039620,23.318,360.885,10.5,220.09999,21.390438,27,50,34.37,3905,23,15,830.796,46.30167,16.331705
1711028039956,23.353,343.16742,9.97,220.09999,21.390438,27,50,34.42,3903,23,15,830.798,46.30167,16.331705
1711028040294,23.229,353.1853,10.27,220.09999,21.390438,27,50,34.39,3903,23,15,830.8,46.30167,16.331705
1711028040631,23.186,358.82278,10.44,220.09999,21.390438,27,50,34.37,3902,23,15,830.803,46.30167,16.331705
1711028041014,23.142,365.37762,10.64,220.09999,21.390438,27,50,34.34,3900,23,15,830.805,46.30167,16.331705
1711028041330,23.165,357.58347,10.41,220.09999,21.553257,27,50,34.35,3900,23,15,830.807,46.301422,16.331547
1711028041690,23.035,361.1236,10.51,220.09999,21.553257,27,49,34.36,3899,23,14.7,830.809,46.301422,16.331547
1711028042027,23.081,365.0342,10.63,220.09999,21.553257,27,49,34.34,3899,23,14.7,830.812,46.301422,16.331547
1711028042387,23.177,359.8832,10.48,220.09999,21.553257,27,49,34.34,3891,23,14.7,830.814,46.301422,16.331547
1711028042747,23.376,360.09277,10.48,220.09999,21.553257,27,49,34.36,3891,23,14.7,830.817,46.301422,16.331547
1711028043129,23.376,360.09277,10.48,220.09999,21.553257,27,49,34.36,3891,23,14.7,830.817,46.301422,16.331547
1711028043580,23.246,342.624,9.96,220.09999,21.553257,27,49,34.4,3889,23,14.7,830.82,46.301422,16.331547
1711028043916,23.217,353.3236,10.28,220.09999,21.553257,27,49,34.37,3887,23,14.7,830.824,46.301422,16.331547
1711028044301,23.284,349.64462,10.17,220.09999,21.553257,27,49,34.38,3886,23,14.7,830.825,46.301422,16.331547
1711028044682,23.217,349.64462,10.17,220.09999,21.553257,27,49,34.38,3886,23,14.7,830.827,46.301422,16.331547
1711028044996,23.474,340.659,9.9,220.09999,21.553257,27,49,34.41,3884,23,14.7,830.831,46.301422,16.331547
1711028045358,23.266,338.7912,9.84,220.09999,21.553257,27,49,34.43,3884,23,14.7,830.833,46.301422,16.331547
1711028045740,23.33,338.7912,9.84,220.09999,21.553257,27,49,34.43,3884,23,14.7,830.836,46.301422,16.331547
1711028046053,23.139,358.50958,10.44,220.29999,21.461166,27,49,34.34,3881,23,14.7,830.838,46.30118,16.33137
1711028046618,23.064,358.50958,10.44,220.29999,21.461166,27,49,34.34,3881,23,14.7,830.839,46.30118,16.33137
1711028046954,23.264,365.6145,10.65,220.29999,21.461166,27,49,34.33,3880,23,14.7,830.844,46.30118,16.33137
1711028047606,23.264,365.6145,10.65,220.29999,21.461166,27,49,34.33,3880,23,14.7,830.844,46.30118,16.33137
1711028047944,23.134,346.44962,10.08,220.29999,21.461166,27,49,34.37,3876,23,14.7,830.85,46.30118,16.33137
1711028048259,23.22,358.50958,10.44,220.29999,21.461166,27,49,34.34,3876,23,14.7,830.851,46.30118,16.33137
1711028048595,23.258,351.1592,10.22,220.29999,21.461166,27,49,34.36,3875,23,14.7,830.854,46.30118,16.33137
1711028048934,23.342,341.04962,9.92,220.29999,21.461166,27,49,34.38,3874,23,14.7,830.856,46.30118,16.33137
1711028049295,22.937,351.29822,10.23,220.29999,21.461166,27,49,34.34,3873,23,14.7,830.858,46.30118,16.33137
1711028049610,23.041,371.70358,10.84,220.29999,21.461166,27,49,34.29,3872,23,14.7,830.861,46.30118,16.33137
1711028050510,23.084,374.1039,10.91,220.29999,21.461166,27,49,34.29,3872,23,14.7,830.862,46.30118,16.33137
1711028050846,22.966,374.33762,10.92,220.29999,21.461166,27,49,34.28,3869,23,14.7,830.869,46.30118,16.33137
1711028051386,23.021,371.25238,10.83,220.29999,21.430086,27,49,34.28,3868,23,14.7,830.87,46.300945,16.331188
1711028051905,22.943,362.31363,10.56,220.29999,21.430086,27,49,34.31,3867,23,14.7,830.876,46.300945,16.331188
1711028052219,23.107,363.1311,10.59,220.29999,21.430086,27,49,34.29,3859,23,14.7,830.877,46.300945,16.331188
1711028052647,23.255,363.1311,10.59,220.29999,21.430086,27,49,34.29,3859,23,14.7,830.879,46.300945,16.331188
1711028053188,23.044,363.1056,10.58,220.29999,21.430086,27,49,34.32,3857,23,14.7,830.884,46.300945,16.331188
1711028053503,23.125,367.1388,10.71,220.29999,21.430086,27,49,34.28,3856,23,14.7,830.885,46.300945,16.331188
1711028053862,23.006,360.045,10.5,220.29999,21.430086,27,49,34.29,3856,23,14.7,830.888,46.300945,16.331188
1711028054201,23.047,366.667,10.69,220.29999,21.430086,27,49,34.3,3854,23,14.7,830.89,46.300945,16.331188
1711028054515,23.102,366.32404,10.68,220.29999,21.430086,27,49,34.3,3854,23,14.7,830.892,46.300945,16.331188
1711028054829,23.058,358.09198,10.44,220.29999,21.430086,27,49,34.3,3853,23,14.7,830.894,46.300945,16.331188
1711028055144,23.316,362.55096,10.57,220.29999,21.430086,27,49,34.3,3853,23,14.7,830.895,46.300945,16.331188
1711028055481,23.2,330.24,9.6,220.29999,21.430086,27,49,34.4,3852,23,14.7,830.898,46.300945,16.331188
1711028055821,23.22,344.18704,10.02,220.29999,21.430086,27,49,34.35,3850,23,14.7,830.899,46.300945,16.331188
1711028056133,23.414,340.16397,9.9,220.29999,21.542898,27,49,34.36,3849,23,14.7,830.903,46.3007,16.331005
1711028056472,23.336,344.73108,10.03,220.29999,21.542898,27,49,34.37,3849,23,14.7,830.904,46.3007,16.331005
1711028056810,23.284,334.6147,9.73,220.29999,21.542898,27,49,34.39,3848,23,14.7,830.907,46.3007,16.331005
1711028057124,23.238,336.6781,9.79,220.29999,21.542898,27,49,34.39,3847,23,14.7,830.909,46.3007,16.331005
1711028057530,23.058,336.6781,9.79,220.29999,21.542898,27,49,34.39,3847,23,14.7,830.912,46.3007,16.331005
1711028057844,23.214,354.04544,10.31,220.29999,21.542898,27,49,34.34,3845,23,14.7,830.913,46.3007,16.331005
1711028058205,23.001,348.55096,10.15,220.29999,21.542898,27,49,34.34,3844,23,14.7,830.915,46.3007,16.331005
1711028058521,23.203,352.8096,10.28,220.29999,21.542898,27,49,34.32,3843,23,14.7,830.917,46.3007,16.331005
1711028058834,23.448,352.3284,10.26,220.29999,21.542898,27,49,34.34,3843,23,14.7,830.92,46.3007,16.331005
1711028059172,23.284,340.26297,9.9,220.29999,21.542898,27,49,34.37,3841,23,14.7,830.922,46.3007,16.331005
1711028059488,23.356,341.1948,9.93,220.29999,21.542898,27,49,34.36,3841,23,14.7,830.923,46.3007,16.331005
1711028059847,23.567,329.39938,9.57,220.29999,21.542898,27,49,34.42,3840,23,14.7,830.926,46.3007,16.331005
1711028060163,23.552,318.57,9.25,220.29999,21.542898,27,49,34.44,3840,23,14.7,830.928,46.3007,16.331005
1711028060636,23.579,318.57,9.25,220.29999,21.542898,27,49,34.44,3840,23,14.7,830.93,46.3007,16.331005
1711028060973,23.573,318.318,9.24,220.29999,21.542898,27,49,34.45,3837,23,14.7,830.933,46.3007,16.331005
1711028061332,23.37,322.7658,9.38,220.29999,21.715063,27,49,34.41,3836,23,14.7,830.936,46.300465,16.330803
1711028061693,23.119,343.1565,9.99,220.29999,21.715063,27,49,34.35,3836,23,14.7,830.938,46.300465,16.330803
1711028062029,23.428,356.13782,10.38,220.29999,21.715063,27,49,34.31,3835,23,14.7,830.941,46.300465,16.330803
1711028062345,23.555,337.6116,9.82,220.29999,21.715063,27,49,34.38,3822,23,14.7,830.943,46.300465,16.330803
1711028062660,24.015,337.6116,9.82,220.29999,21.715063,27,49,34.38,3822,23,14.4,830.945,46.300465,16.330803
1711028062997,23.792,293.94003,8.52,220.29999,21.715063,27,48,34.5,3820,23,14.4,830.947,46.300465,16.330803
1711028063539,23.61,293.94003,8.52,220.29999,21.715063,27,48,34.5,3820,23,14.4,830.948,46.300465,16.330803
1711028063874,23.587,310.5747,9.01,220.29999,21.715063,27,48,34.47,3819,23,14.4,830.952,46.300465,16.330803
1711028064282,23.784,310.5747,9.01,220.29999,21.715063,27,48,34.47,3819,23,14.4,830.953,46.300465,16.330803
1711028064594,23.573,320.29202,9.3,220.29999,21.715063,27,48,34.44,3817,23,14.4,830.956,46.300465,16.330803
1711028065113,23.631,316.75598,9.2,220.29999,21.715063,27,48,34.43,3817,23,14.4,830.961,46.300465,16.330803
1711028065608,23.587,316.94,9.2,220.29999,21.715063,27,48,34.45,3816,23,14.4,830.963,46.300465,16.330803
1711028065943,23.662,306.783,8.9,220.29999,21.715063,27,48,34.47,3814,23,14.4,830.966,46.300465,16.330803
1711028066289,23.631,312.64288,9.07,222.7,21.988829,27,48,34.47,3813,23,14.4,830.968,46.300224,16.330595
1711028066643,23.579,310.9194,9.02,222.7,21.988829,27,48,34.47,3812,23,14.4,830.971,46.300224,16.330595
1711028067002,23.671,312.5522,9.07,222.7,21.988829,27,48,34.46,3811,23,14.4,830.973,46.300224,16.330595
1711028067341,23.703,310.9194,9.02,222.7,21.988829,27,48,34.47,3811,23,14.4,830.976,46.300224,16.330595
1711028067653,23.691,314.96442,9.14,222.7,21.988829,27,48,34.46,3811,23,14.4,830.977,46.300224,16.330595
1711028067969,23.671,307.9064,8.93,222.7,21.988829,27,48,34.48,3810,23,14.4,830.98,46.300224,16.330595
1711028068283,23.769,304.635,8.83,222.7,21.988829,27,48,34.5,3808,23,14.4,830.982,46.300224,16.330595
1711028068622,23.772,300.58212,8.71,222.7,21.988829,27,48,34.51,3807,23,14.4,830.983,46.300224,16.330595
1711028068938,23.68,295.06052,8.55,222.7,21.988829,27,48,34.51,3807,23,14.4,830.986,46.300224,16.330595
1711028069298,23.778,309.6304,8.98,222.7,21.988829,27,48,34.48,3806,23,14.4,830.988,46.300224,16.330595
1711028069749,23.735,309.6304,8.98,222.7,21.988829,27,48,34.48,3806,23,14.4,830.989,46.300224,16.330595
1711028070086,24.081,309.6304,8.98,222.7,21.988829,27,48,34.48,3806,23,14.4,830.994,46.300224,16.330595
1711028070445,23.717,281.07422,8.14,222.7,21.988829,27,48,34.53,3804,23,14.4,830.996,46.300224,16.330595
1711028070760,23.668,307.6508,8.92,222.7,21.988829,27,48,34.49,3803,23,14.4,830.997,46.300224,16.330595
1711028071097,23.74,304.20178,8.82,222.7,21.765364,27,48,34.49,3802,23,14.4,831,46.299984,16.330399
1711028071458,23.752,305.148,8.85,222.7,21.765364,27,48,34.48,3801,23,14.4,831.002,46.299984,16.330399
1711028071771,23.668,300.15,8.7,222.7,21.765364,27,48,34.5,3800,23,14.4,831.005,46.299984,16.330399
1711028072088,23.781,300.15,8.7,222.7,21.765364,27,48,34.5,3800,23,14.4,831.007,46.299984,16.330399
1711028072447,23.792,296.4409,8.59,222.7,21.765364,27,48,34.51,3787,23,14.4,831.009,46.299984,16.330399
1711028072785,23.859,300.237,8.7,222.7,21.765364,27,48,34.51,3786,23,14.4,831.012,46.299984,16.330399
1711028073368,23.766,294.8008,8.54,222.7,21.765364,27,48,34.52,3784,23,14.4,831.013,46.299984,16.330399
1711028073707,24.044,301.27228,8.73,222.7,21.765364,27,48,34.51,3784,23,14.4,831.018,46.299984,16.330399
1711028074022,24.018,278.7148,8.06,222.7,21.765364,27,48,34.58,3783,23,14.4,831.019,46.299984,16.330399
1711028074360,23.896,282.0912,8.16,222.7,21.765364,27,48,34.57,3782,23,14.4,831.021,46.299984,16.330399
1711028075012,24.061,282.78262,8.18,222.7,21.765364,27,48,34.57,3782,23,14.4,831.027,46.299984,16.330399
1711028075373,23.83,280.09802,8.1,222.7,21.765364,27,48,34.58,3780,23,14.4,831.028,46.299984,16.330399
1711028075711,23.636,297.7348,8.62,222.7,21.765364,27,48,34.54,3780,23,14.4,831.031,46.299984,16.330399
1711028076027,23.683,297.7348,8.62,222.7,21.765364,27,48,34.54,3780,23,14.4,831.033,46.299984,16.330399
1711028076362,23.688,314.2752,9.12,222.7,21.821249,27,48,34.46,3777,23,14.4,831.035,46.299747,16.330194
1711028076678,23.246,331.0794,9.63,222.7,21.821249,27,48,34.38,3777,23,14.4,831.037,46.299747,16.330194
1711028076993,23.076,348.6525,10.15,222.7,21.821249,27,48,34.35,3776,23,14.4,831.04,46.299747,16.330194
1711028077354,22.839,365.295,10.65,222.7,21.821249,27,48,34.3,3776,23,14.4,831.041,46.299747,16.330194
1711028077689,22.917,364.6328,10.64,222.7,21.821249,27,48,34.27,3775,23,14.4,831.044,46.299747,16.330194
1711028078005,22.972,372.2975,10.87,222.7,21.821249,27,48,34.25,3774,23,14.4,831.045,46.299747,16.330194
1711028078366,22.902,373.6675,10.91,222.7,21.821249,27,48,34.25,3773,23,14.4,831.048,46.299747,16.330194
1711028078680,23.018,375.8454,10.98,222.7,21.821249,27,48,34.23,3772,23,14.4,831.05,46.299747,16.330194
1711028079017,22.989,366.23938,10.69,222.7,21.821249,27,48,34.26,3771,23,14.4,831.051,46.299747,16.330194
1711028079333,22.989,366.23938,10.69,222.7,21.821249,27,48,34.26,3771,23,14.4,831.051,46.299747,16.330194
1711028079648,23.191,364.1598,10.62,222.7,21.821249,27,48,34.29,3769,23,14.4,831.057,46.299747,16.330194
1711028080031,23.48,330.6942,9.63,222.7,21.821249,27,48,34.34,3768,23,14.4,831.058,46.299747,16.330194
1711028080389,23.431,328.57724,9.56,222.7,21.821249,27,48,34.37,3768,23,14.4,831.061,46.299747,16.330194
1711028080752,23.451,327.04892,9.51,222.7,21.821249,27,48,34.39,3767,23,14.4,831.063,46.299747,16.330194
1711028081086,23.518,330.8868,9.63,222.7,21.628132,27,48,34.36,3765,23,14.4,831.066,46.29952,16.33001
1711028081425,23.535,327.7367,9.53,222.7,21.628132,27,48,34.39,3764,23,14.4,831.067,46.29952,16.33001
1711028081740,23.376,323.6099,9.41,222.7,21.628132,27,48,34.39,3764,23,14.4,831.07,46.29952,16.33001
1711028082281,23.347,331.0794,9.63,222.7,21.628132,27,48,34.38,3764,23,14.4,831.071,46.29952,16.33001
1711028082596,23.183,329.36038,9.58,222.7,21.628132,27,48,34.38,3747,23,14.4,831.076,46.29952,16.33001
1711028082932,23.249,335.84518,9.78,222.7,21.628132,27,48,34.34,3746,23,14.4,831.077,46.29952,16.33001
1711028083272,23.313,340.5536,9.92,222.7,21.628132,27,48,34.33,3745,23,14.4,831.08,46.29952,16.33001
1711028083630,23.376,339.96597,9.9,222.7,21.628132,27,47,34.34,3743,23,14.4,831.082,46.29952,16.33001
1711028083945,23.168,335.5018,9.77,222.7,21.628132,27,47,34.34,3743,23,14.1,831.085,46.29952,16.33001
1711028084283,23.168,335.5018,9.77,222.7,21.628132,27,47,34.34,3743,23,14.1,831.085,46.29952,16.33001
1711028084598,23.333,345.84482,10.08,222.7,21.628132,27,47,34.31,3742,23,14.1,831.088,46.29952,16.33001
1711028085116,23.321,345.9456,10.08,222.7,21.628132,27,47,34.32,3740,23,14.1,831.092,46.29952,16.33001
1711028085453,23.266,337.02237,9.82,222.7,21.628132,27,47,34.32,3738,23,14.1,831.094,46.29952,16.33001
1711028085814,23.191,337.02237,9.82,222.7,21.628132,27,47,34.32,3738,23,14.1,831.097,46.29952,16.33001
1711028086422,23.278,341.48398,9.95,222.7,21.43704,27,47,34.32,3738,23,14.1,831.098,46.2993,16.329803
1711028086759,23.006,342.17038,9.97,222.7,21.43704,27,47,34.32,3735,23,14.1,831.103,46.2993,16.329803
1711028087073,22.98,361.3375,10.55,222.7,21.43704,27,47,34.25,3734,23,14.1,831.104,46.2993,16.329803
1711028087681,22.908,361.3375,10.55,222.7,21.43704,27,47,34.25,3734,23,14.1,831.106,46.2993,16.329803
1711028088085,22.943,361.3375,10.55,222.7,21.43704,27,47,34.25,3734,23,14.1,831.109,46.2993,16.329803
1711028088602,22.888,368.78378,10.78,222.7,21.43704,27,47,34.21,3730,23,14.1,831.112,46.2993,16.329803
1711028088961,23.07,355.1725,10.37,222.7,21.43704,27,47,34.25,3729,23,14.1,831.116,46.2993,16.329803
1711028089300,23.061,357.3318,10.43,222.7,21.43704,27,47,34.26,3728,23,14.1,831.118,46.2993,16.329803
1711028089638,23.131,361.12653,10.55,222.7,21.43704,27,47,34.23,3727,23,14.1,831.121,46.2993,16.329803
1711028089999,22.899,359.0727,10.49,222.7,21.43704,27,47,34.23,3726,23,14.1,831.123,46.2993,16.329803
1711028090314,22.937,371.07,10.85,222.7,21.43704,27,47,34.2,3725,23,14.1,831.125,46.2993,16.329803
1711028090650,22.738,374.61282,10.96,222.7,21.43704,27,47,34.18,3724,23,14.1,831.127,46.2993,16.329803
1711028091010,22.79,382.9336,11.21,222.7,21.43704,27,47,34.16,3723,23,14.1,831.129,46.2993,16.329803
1711028091348,22.989,380.88397,11.15,219.79999,21.297445,27,47,34.16,3722,23,14.1,831.132,46.29908,16.329592
1711028091687,22.928,377.9202,11.06,219.79999,21.297445,27,47,34.17,3722,23,14.1,831.134,46.29908,16.329592
1711028092022,22.836,366.1749,10.71,219.79999,21.297445,27,47,34.19,3720,23,14.1,831.136,46.29908,16.329592
1711028092383,23.113,375.87,11,219.79999,21.297445,27,47,34.17,3716,23,14.1,831.137,46.29908,16.329592
1711028092742,22.865,370.5112,10.84,219.79999,21.297445,27,47,34.18,3715,23,14.1,831.14,46.29908,16.329592
1711028093082,23.079,372.90378,10.91,219.79999,21.297445,27,47,34.18,3715,23,14.1,831.142,46.29908,16.329592
1711028093417,23.131,354.51917,10.36,219.79999,21.297445,27,47,34.22,3714,23,14.1,831.145,46.29908,16.329592
1711028093733,23.015,348.90558,10.19,219.79999,21.297445,27,47,34.24,3712,23,14.1,831.147,46.29908,16.329592
1711028094094,22.983,361.9418,10.58,219.79999,21.297445,27,47,34.21,3711,23,14.1,831.148,46.29908,16.329592
1711028094476,22.79,361.9418,10.58,219.79999,21.297445,27,47,34.21,3711,23,14.1,831.15,46.29908,16.329592
1711028094790,22.793,363.3334,10.63,219.79999,21.297445,27,47,34.18,3710,23,14.1,831.153,46.29908,16.329592
1711028095106,23.073,375.30847,10.99,219.79999,21.297445,27,47,34.15,3709,23,14.1,831.156,46.29908,16.329592
1711028095443,22.651,358.758,10.49,219.79999,21.297445,27,47,34.2,3707,23,14.1,831.157,46.29908,16.329592
1711028095758,22.628,377.0054,11.03,219.79999,21.297445,27,47,34.18,3707,23,14.1,831.16,46.29908,16.329592
1711028096232,22.628,382.7094,11.21,219.79999,21.369877,27,47,34.14,3706,23,14.1,831.16,46.298843,16.329403
1711028096795,22.506,394.18988,11.57,219.79999,21.369877,27,47,34.07,3705,23,14.1,831.167,46.298843,16.329403
1711028097152,22.584,400.428,11.76,219.79999,21.369877,27,47,34.05,3703,23,14.1,831.168,46.298843,16.329403
1711028097514,22.862,388.1712,11.39,219.79999,21.369877,27,47,34.08,3702,23,14.1,831.171,46.298843,16.329403
1711028097828,23.246,365.9607,10.71,219.79999,21.369877,27,47,34.17,3700,23,14.1,831.173,46.298843,16.329403
1711028098144,23.194,344.9376,10.08,219.79999,21.369877,27,47,34.22,3699,23,14.1,831.174,46.298843,16.329403
1711028098594,23.183,344.9376,10.08,219.79999,21.369877,27,47,34.22,3699,23,14.1,831.176,46.298843,16.329403
1711028098908,22.882,339.075,9.9,219.79999,21.369877,27,47,34.25,3698,23,14.1,831.179,46.298843,16.329403
1711028099223,23.209,382.368,11.2,219.79999,21.369877,27,47,34.14,3697,23,14.1,831.182,46.298843,16.329403
1711028099561,23.209,382.368,11.2,219.79999,21.369877,27,47,34.14,3697,23,14.1,831.182,46.298843,16.329403
1711028099876,23.344,338.9303,9.89,219.79999,21.369877,27,47,34.27,3695,23,14.1,831.185,46.298843,16.329403
1711028100282,22.949,338.9303,9.89,219.79999,21.369877,27,47,34.27,3695,23,14.1,831.187,46.298843,16.329403
1711028100730,23.113,338.9303,9.89,219.79999,21.369877,27,47,34.27,3695,23,14.1,831.19,46.298843,16.329403
